	_	_+=e_	_+=er_	_+e_	_+er_	_+n_	_+ns_	_+s_	_-e_	weighted_average
accuracy	0.8995433789954338	0.6666666666666666	1.0	0.6666666666666666	1.0	0.8913043478260869	1.0	0.9294117647058824	0.75	
