	_	_+=e_	_+=er_	_+e_	_+er_	_+n_	_+ns_	_+s_	_-e_	weighted_average
precision	1.0	1.0	1.0	1.0	1.0	1.0	1.0	1.0	1.0	1.0
recall	0.8995433789954338	0.6666666666666666	1.0	0.6666666666666666	1.0	0.8913043478260869	1.0	0.9294117647058824	0.75	0.8572932613203282
f1	0.9471153846153847	0.8	1.0	0.8	1.0	0.9425287356321839	1.0	0.9634146341463414	0.8571428571428571	0.9162370005290047
