	_	_+=e_	_+=er_	_+e_	_+er_	_+n_	_+ns_	_+s_	_-e_	weighted_average
precision	0.9609756097560975	1.0	1.0	1.0	1.0	0.9772727272727273	1.0	1.0	0.75	0.9656018651151681
recall	0.8995433789954338	0.6666666666666666	1.0	0.6666666666666666	1.0	0.9347826086956522	1.0	0.9294117647058824	0.75	0.859598957181259
f1	0.929245283018868	0.8	1.0	0.8	1.0	0.9555555555555557	1.0	0.9634146341463414	0.75	0.9026589458161731
