	_	_+=_	_+=e_	_+=er_	_+e_	_+er_	_+n_	_+ns_	_+s_	_-e_	weighted_average
precision	0.9744897959183674	0.0	1.0	1.0	1.0	1.0	0.975	1.0	0.9863013698630136	0.0	0.7585037060540248
recall	0.8721461187214612	0.0	0.3333333333333333	1.0	0.6666666666666666	0.6666666666666666	0.8478260869565217	0.3333333333333333	0.8470588235294118	0.0	0.4869347242464566
f1	0.9204819277108434	0.0	0.5	1.0	0.8	0.8	0.9069767441860466	0.5	0.9113924050632911	0.0	0.5708592152060197
