	_	_+=_	_+=e_	_+=er_	_+e_	_+er_	_+n_	_+ns_	_+s_	_-e_	weighted_average
precision	0.9744897959183674	0.0	1.0	1.0	1.0	1.0	0.975	1.0	0.9863013698630136	1.0	0.8690801342823073
recall	0.8721461187214612	0.0	0.3333333333333333	1.0	0.6666666666666666	0.6666666666666666	0.8478260869565217	0.3333333333333333	0.8470588235294118	0.75	0.5698670454176685
f1	0.9204819277108434	0.0	0.5	1.0	0.8	0.8	0.9069767441860466	0.5	0.9113924050632911	0.8571428571428571	0.6656390108302618
