precision	1.0
recall	0.8572932613203282
f1	0.9162370005290047
accuracy	0.9024390243902439
