	addition	addition_umlaut	concatenation	deletion	weighted_average
precision	0.9915254237288136	1.0	0.9744897959183674	1.0	0.9955359025068026
recall	0.8357142857142857	0.4444444444444444	0.8721461187214612	0.75	0.6857396661874474
f1	0.9069767441860465	0.6153846153846153	0.9204819277108434	0.8571428571428571	0.7995025434043558
