	addition	addition_umlaut	concatenation	deletion	weighted_average
precision	0.9915254237288136	1.0	0.9794871794871794	1.0	0.9963777540742673
recall	0.8357142857142857	0.6666666666666666	0.8721461187214612	0.75	0.7481229960472682
f1	0.9069767441860465	0.8	0.9227053140096619	0.8571428571428571	0.8524537741534547
