	addition	addition_umlaut	concatenation	deletion	weighted_average
precision	0.9923664122137404	1.0	0.9609756097560975	0.75	0.8922239014250113
recall	0.9285714285714286	0.8333333333333334	0.8995433789954338	0.75	0.8200297559361359
f1	0.9594095940959411	0.9090909090909091	0.929245283018868	0.75	0.8533060207564734
