	addition	addition_umlaut	concatenation	deletion	weighted_average
precision	0.9915254237288136	1.0	0.9744897959183674	0.0	0.5649814589168863
recall	0.8357142857142857	0.4444444444444444	0.8721461187214612	0.0	0.36282383349501024
f1	0.9069767441860465	0.6153846153846153	0.9204819277108434	0.0	0.4304558774701419
