	_	_+=e_	_+=er_	_+e_	_+er_	_+n_	_+ns_	_+s_	weighted_average
precision	1.0	0.0	0.0	0.0	0.0	0.0	0.0	1.0	0.12080400678700834
recall	0.4	0.0	0.0	0.0	0.0	0.0	0.0	0.8	0.072482404072205
f1	0.5714285714285715	0.0	0.0	0.0	0.0	0.0	0.0	0.888888888888889	0.08820610019368864
