	_	_+=e_	_+=er_	_+e_	_+er_	_+n_	_+ns_	_+s_	weighted_average
precision	0.3333333333333333	0.0	0.0	0.0	0.0	0.0	0.0	1.0	0.08053600452467222
recall	0.4	0.0	0.0	0.0	0.0	0.0	0.0	0.8	0.072482404072205
f1	0.3636363636363636	0.0	0.0	0.0	0.0	0.0	0.0	0.888888888888889	0.07565503455347997
