	addition	addition_umlaut	concatenation	weighted_average
precision	1.0	0.0	0.3333333333333333	0.31986578247878295
recall	0.4	0.0	0.4	0.20688494776424987
f1	0.5714285714285715	0.0	0.3636363636363636	0.23403930087926342
