	_	_+=_	_+=e_	_+=er_	_+e_	_+er_	_+n_	_+ns_	_+s_	_-e_	weighted_average
precision	0.5454545454545454	0.0	0.0	0.0	1.0	1.0	1.0	0.0	0.625	1.0	0.5129681010341895
recall	0.9230769230769231	0.0	0.0	0.0	0.3333333333333333	0.3333333333333333	0.6666666666666666	0.0	1.0	0.6666666666666666	0.35042428456723557
f1	0.6857142857142856	0.0	0.0	0.0	0.5	0.5	0.8	0.0	0.7692307692307693	0.8	0.38233804178078046
