	addition	addition_umlaut	concatenation	deletion	weighted_average
precision	1.0	0.0	0.5454545454545454	1.0	0.6774693294363547
recall	0.7058823529411765	0.0	0.9230769230769231	0.6666666666666666	0.5715865135417925
f1	0.8275862068965517	0.0	0.6857142857142856	0.8	0.5972940605050676
