	addition	addition_umlaut	concatenation	deletion	weighted_average
precision	0.9	0.0	1.0	0.0	0.2650120995145545
recall	0.6428571428571429	0.0	0.6666666666666666	0.0	0.1806550656330431
f1	0.75	0.0	0.8	0.0	0.21479591244798169
