	_	_+e_	_+er_	_+n_	_+ns_	_+s_	_-e_	weighted_average
precision	1.0	0.0	0.0	1.0	1.0	1.0	0.0	0.46918380566734125
recall	0.5333333333333333	0.0	0.0	0.6666666666666666	0.5	1.0	0.0	0.31025791213303705
f1	0.6956521739130436	0.0	0.0	0.8	0.6666666666666666	1.0	0.0	0.3666309464874224
