	_	_+e_	_+er_	_+n_	_+ns_	_+s_	_-e_	weighted_average
precision	0.9	0.0	0.0	0.6666666666666666	1.0	0.8333333333333334	0.0	0.4012016091351993
recall	0.6	0.0	0.0	0.6666666666666666	0.5	1.0	0.0	0.31468138041914256
f1	0.7200000000000001	0.0	0.0	0.6666666666666666	0.6666666666666666	0.9090909090909091	0.0	0.3412186129408264
