	_	_+=_	_+e_	_+er_	_+n_	_+ns_	_+s_	_-e_	weighted_average
precision	0.9	0.0	0.0	0.0	0.6666666666666666	0.0	0.6666666666666666	0.0	0.1711980767606655
recall	0.6	0.0	0.0	0.0	0.6666666666666666	0.0	0.8	0.0	0.16628601850226582
f1	0.7200000000000001	0.0	0.0	0.0	0.6666666666666666	0.0	0.7272727272727272	0.0	0.1666772381854527
