	addition	concatenation	deletion	weighted_average
precision	0.8181818181818182	0.9	0.0	0.2844602222315503
recall	0.5625	0.6	0.0	0.1924302181926027
f1	0.6666666666666666	0.7200000000000001	0.0	0.22955222759020796
