	addition	concatenation	deletion	weighted_average
precision	0.8888888888888888	0.9	0.0	0.29603384609386196
recall	0.5	0.6	0.0	0.1821999613857379
f1	0.64	0.7200000000000001	0.0	0.225187318019279
