	addition	addition_umlaut	concatenation	deletion	weighted_average
precision	0.8888888888888888	0.0	0.9	0.0	0.1773663850223415
recall	0.5	0.0	0.6	0.0	0.10916369505922045
f1	0.64	0.0	0.7200000000000001	0.0	0.1349192366919157
