	_	_+=er_	_+e_	_+er_	_+n_	_+s_	_-e_	weighted_average
precision	0.0	1.0	0.0	0.0	0.0	0.0	0.0	0.2643859355451644
recall	0.0	1.0	0.0	0.0	0.0	0.0	0.0	0.2643859355451644
f1	0.0	1.0	0.0	0.0	0.0	0.0	0.0	0.2643859355451644
