	_	_+=er_	_+e_	_+er_	_+n_	_+s_	_-e_	weighted_average
precision	0.4090909090909091	0.14285714285714285	0.0	0.0	0.0	0.0	0.0	0.06239375142168116
recall	0.45	1.0	0.0	0.0	0.0	0.0	0.0	0.29147270080905924
f1	0.4285714285714286	0.25	0.0	0.0	0.0	0.0	0.0	0.0918934031852386
