	addition	addition_umlaut	concatenation	deletion	weighted_average
precision	0.3888888888888889	0.14285714285714285	0.4090909090909091	0.0	0.17131138267193807
recall	0.3181818181818182	1.0	0.45	0.0	0.6240200014001118
f1	0.35000000000000003	0.25	0.4285714285714286	0.0	0.22610567767945944
