	_	_+=e_	_+=er_	_+e_	_+er_	_+n_	_+ns_	_+s_	_-e_	weighted_average
precision	1.0	1.0	1.0	1.0	1.0	1.0	1.0	1.0	0.0	0.862257951336056
recall	0.7058823529411765	1.0	0.6666666666666666	0.6666666666666666	0.3333333333333333	0.7142857142857143	1.0	1.0	0.0	0.6451912890612688
f1	0.8275862068965517	1.0	0.8	0.8	0.5	0.8333333333333333	1.0	1.0	0.0	0.7187624768564826
