	_	_+=e_	_+=er_	_+e_	_+er_	_+n_	_+ns_	_+s_	_-e_	weighted_average
accuracy	0.7058823529411765	1.0	0.6666666666666666	0.6666666666666666	0.3333333333333333	0.7142857142857143	1.0	1.0	0.0	
