	_	_+=_	_+=e_	_+=er_	_+e_	_+er_	_+n_	_+ns_	_+s_	_-e_	weighted_average
precision	0.8472222222222222	0.0	1.0	1.0	1.0	0.5	0.8125	1.0	0.9285714285714286	0.0	0.6760209669374582
recall	0.8970588235294118	0.0	1.0	0.6666666666666666	0.6666666666666666	0.3333333333333333	0.9285714285714286	1.0	1.0	0.0	0.587938906856735
f1	0.8714285714285713	0.0	1.0	0.8	0.8	0.4	0.8666666666666666	1.0	0.962962962962963	0.0	0.621555725305729
