	_	_+=e_	_+=er_	_+e_	_+er_	_+n_	_+ns_	_+s_	_-e_	weighted_average
precision	0.8840579710144928	1.0	1.0	1.0	0.5	0.8125	1.0	0.9285714285714286	0.0	0.770798709686746
recall	0.8970588235294118	1.0	0.6666666666666666	0.6666666666666666	0.3333333333333333	0.9285714285714286	1.0	1.0	0.0	0.6689228163764214
f1	0.8905109489051095	1.0	0.8	0.8	0.4	0.8666666666666666	1.0	0.962962962962963	0.0	0.7080306671423207
