	addition	addition_umlaut	concatenation	deletion	weighted_average
precision	0.8823529411764706	1.0	0.8472222222222222	0.0	0.5219840318830647
recall	0.9183673469387755	0.5555555555555556	0.8970588235294118	0.0	0.41755337042935603
f1	0.9	0.7142857142857143	0.8714285714285713	0.0	0.45287313341978536
