	addition	addition_umlaut	concatenation	deletion	weighted_average
precision	0.8823529411764706	1.0	0.8840579710144928	0.0	0.5490543596151329
recall	0.9183673469387755	0.8333333333333334	0.8970588235294118	0.0	0.5065695853876347
f1	0.9	0.9090909090909091	0.8905109489051095	0.0	0.5254979416895582
