	_	_+=_	_+=e_	_+=er_	_+e_	_+er_	_+n_	_+ns_	_+s_	_-e_	weighted_average
precision	0.9615384615384616	0.0	0.0	0.0	1.0	0.75	0.9767441860465116	1.0	0.9764705882352941	0.6666666666666666	0.5426375077993776
recall	0.91324200913242	0.0	0.0	0.0	0.6666666666666666	1.0	0.9130434782608695	0.3333333333333333	0.9764705882352941	0.5	0.4233886436737984
f1	0.9367681498829039	0.0	0.0	0.0	0.8	0.8571428571428571	0.9438202247191011	0.5	0.9764705882352941	0.5714285714285715	0.45365907126146743
