	addition	addition_umlaut	concatenation	deletion	weighted_average
precision	0.9851851851851852	0.0	0.9615384615384616	0.6666666666666666	0.5485213876252075
recall	0.95	0.0	0.91324200913242	0.5	0.4656305786526425
f1	0.9672727272727272	0.0	0.9367681498829039	0.5714285714285715	0.501825622894799
