	_	_+=_	_+e_	_+er_	_+n_	_+ns_	_+s_	_-e_	weighted_average
precision	1.0	0.0	0.0	0.0	0.75	1.0	0.75	0.0	0.36658653380748574
recall	0.3333333333333333	0.0	0.0	0.0	1.0	0.5	1.0	0.0	0.2888621779358286
f1	0.5	0.0	0.0	0.0	0.8571428571428571	0.6666666666666666	0.8571428571428571	0.0	0.29775552701608143
