	addition	addition_umlaut	concatenation	deletion	weighted_average
precision	0.8888888888888888	0.0	1.0	0.0	0.2639801614270219
recall	0.5714285714285714	0.0	0.3333333333333333	0.0	0.11354613978600529
f1	0.6956521739130435	0.0	0.5	0.0	0.15532085486642216
