	_	_+=_	_+=e_	_+=er_	_+e_	_+er_	_+n_	_+ns_	_+s_	_-e_	weighted_average
precision	0.9411764705882353	0.0	0.0	0.0	1.0	0.75	0.9722222222222222	1.0	0.9448818897637795	1.0	0.572265670018236
recall	0.9296636085626911	0.0	0.0	0.0	0.5333333333333333	0.2727272727272727	0.9090909090909091	0.2222222222222222	0.96	0.5833333333333334	0.33037810652238647
f1	0.9353846153846154	0.0	0.0	0.0	0.6956521739130436	0.39999999999999997	0.9395973154362416	0.3636363636363636	0.9523809523809523	0.7368421052631579	0.3960946038726609
