	addition	addition_umlaut	concatenation	deletion	weighted_average
precision	0.9859154929577465	0.0	0.9411764705882353	1.0	0.6883395828710566
recall	0.8860759493670886	0.0	0.9296636085626911	0.5833333333333334	0.5166754532036177
f1	0.9333333333333333	0.0	0.9353846153846154	0.7368421052631579	0.5819587955934329
