	_	_+=er_	_+e_	_+er_	_+n_	_+s_	_-e_	weighted_average
precision	1.0	0.0	1.0	1.0	1.0	1.0	1.0	0.7356140644548355
recall	0.8	0.0	1.0	1.0	0.5384615384615384	0.75	0.5	0.6061272637074022
f1	0.888888888888889	0.0	1.0	1.0	0.7000000000000001	0.8571428571428571	0.6666666666666666	0.6538723762473474
