	_	_+=er_	_+e_	_+er_	_+n_	_+s_	_-e_	weighted_average
precision	0.9444444444444444	0.0	1.0	0.5	1.0	1.0	0.75	0.571610845407044
recall	0.85	0.0	1.0	1.0	0.6923076923076923	0.75	0.75	0.6482863170949209
f1	0.8947368421052632	0.0	1.0	0.6666666666666666	0.8181818181818181	0.8571428571428571	0.75	0.5837911162927294
