	addition	addition_umlaut	concatenation	deletion	weighted_average
precision	0.9444444444444444	0.0	0.9444444444444444	0.75	0.39736516526861476
recall	0.7727272727272727	0.0	0.85	0.75	0.36572611276874356
f1	0.85	0.0	0.8947368421052632	0.75	0.3802346554648999
