	_	_+e_	_+er_	_+n_	_+ns_	_+s_	_-e_	weighted_average
precision	1.0	0.0	0.0	1.0	1.0	1.0	0.0	0.46918380566734125
recall	0.6	0.0	0.0	0.6666666666666666	0.5	0.8	0.0	0.29414660692882805
f1	0.7499999999999999	0.0	0.0	0.8	0.6666666666666666	0.888888888888889	0.0	0.3588288272695196
