	_	_+e_	_+er_	_+n_	_+ns_	_+s_	_-e_	weighted_average
precision	0.7857142857142857	0.0	0.0	1.0	1.0	0.8	0.0	0.43443074125740194
recall	0.7333333333333333	0.0	0.0	0.6666666666666666	0.5	0.8	0.0	0.302993543501039
f1	0.7586206896551724	0.0	0.0	0.8	0.6666666666666666	0.8000000000000002	0.0	0.3502742614832345
