	_	_+e_	_+er_	_+n_	_+ns_	_+s_	_-e_	weighted_average
precision	0.9166666666666666	0.0	0.0	0.6666666666666666	0.0	0.7142857142857143	0.0	0.2226305314071835
recall	0.7333333333333333	0.0	0.0	0.6666666666666666	0.0	1.0	0.0	0.2398013843208427
f1	0.8148148148148148	0.0	0.0	0.6666666666666666	0.0	0.8333333333333333	0.0	0.2280955343174873
