	addition	concatenation	deletion	weighted_average
precision	0.9	0.9166666666666666	0.0	0.30064027805204957
recall	0.5625	0.7333333333333333	0.0	0.2147319752883404
f1	0.6923076923076923	0.8148148148148148	0.0	0.24960828329187362
