	addition	concatenation	deletion	weighted_average
precision	1.0	0.7857142857142857	0.0	0.29510517750971943
recall	0.5	0.7333333333333333	0.0	0.2045017184814756
f1	0.6666666666666666	0.7586206896551724	0.0	0.2360120468869044
