	addition	addition_umlaut	concatenation	deletion	weighted_average
precision	0.9753086419753086	0.0	0.8222222222222222	1.0	0.6870308284086166
recall	0.8061224489795918	0.0	0.8809523809523809	0.7272727272727273	0.5724738042847655
f1	0.88268156424581	0.0	0.8505747126436781	0.8421052631578948	0.6206110836938717
