	_	_+=e_	_+=er_	_+e_	_+er_	_+n_	_+ns_	_+s_	_-e_	weighted_average
precision	1.0	0.0	0.0	0.0	0.0	0.0	0.0	0.0	0.0	0.045098304717795454
recall	0.04411764705882353	0.0	0.0	0.0	0.0	0.0	0.0	0.0	0.0	0.001989631090490976
f1	0.08450704225352113	0.0	0.0	0.0	0.0	0.0	0.0	0.0	0.0	0.0038111243423489113
