	_	_+=e_	_+=er_	_+e_	_+er_	_+n_	_+ns_	_+s_	_-e_	weighted_average
precision	0.6363636363636364	0.0	0.3333333333333333	0.0	0.01282051282051282	0.0	0.0	0.0	0.0	0.07637886110618608
recall	0.4117647058823529	0.0	0.3333333333333333	0.0	0.3333333333333333	0.0	0.0	0.0	0.0	0.11039792262054504
f1	0.5	0.0	0.3333333333333333	0.0	0.024691358024691357	0.0	0.0	0.0	0.0	0.07186420681882826
