	_	_+=_	_+=e_	_+=er_	_+e_	_+er_	_+n_	_+ns_	_+s_	_-e_	weighted_average
precision	0.48717948717948717	0.0	0.0	0.16666666666666666	0.0	0.0	0.0	0.0	0.13043478260869565	0.0	0.04613082735074921
recall	0.27941176470588236	0.0	0.0	0.3333333333333333	0.0	0.0	0.0	0.0	0.11538461538461539	0.0	0.0573065362545294
f1	0.35514018691588783	0.0	0.0	0.2222222222222222	0.0	0.0	0.0	0.0	0.12244897959183673	0.0	0.04721623477542322
