	_	_+=_	_+=e_	_+=er_	_+e_	_+er_	_+n_	_+ns_	_+s_	_-e_	weighted_average
precision	0.6222222222222222	0.0	0.0	0.3333333333333333	0.0	0.0125	0.0	0.0	0.0	0.0	0.06653261984864396
recall	0.4117647058823529	0.0	0.0	0.3333333333333333	0.0	0.3333333333333333	0.0	0.0	0.0	0.0	0.09703247124441422
f1	0.49557522123893805	0.0	0.0	0.3333333333333333	0.0	0.024096385542168676	0.0	0.0	0.0	0.0	0.06291646173521638
