	addition	addition_umlaut	concatenation	deletion	weighted_average
precision	0.4230769230769231	0.3333333333333333	0.6363636363636364	0.0	0.24883073351932097
recall	0.673469387755102	0.16666666666666666	0.4117647058823529	0.0	0.20558402852591
f1	0.5196850393700787	0.2222222222222222	0.5	0.0	0.2114196529357149
