	addition	addition_umlaut	concatenation	deletion	weighted_average
precision	0.3253012048192771	0.3333333333333333	0.48717948717948717	0.0	0.20818935599864155
recall	0.5510204081632653	0.2222222222222222	0.27941176470588236	0.0	0.18413622576563468
f1	0.409090909090909	0.26666666666666666	0.35514018691588783	0.0	0.18468676465422082
