	addition	addition_umlaut	concatenation	deletion	weighted_average
precision	0.4125	0.3333333333333333	0.6222222222222222	0.0	0.24107913153919205
recall	0.673469387755102	0.1111111111111111	0.4117647058823529	0.0	0.19281908468419998
f1	0.5116279069767442	0.16666666666666666	0.49557522123893805	0.0	0.1943677509618819
