	_	_+=e_	_+=er_	_+e_	_+er_	_+n_	_+ns_	_+s_	_-e_	weighted_average
precision	0.0	0.0	0.0	0.0	0.0	0.0	0.0	1.0	0.0	0.045837736119981536
recall	0.0	0.0	0.0	0.0	0.0	0.0	0.0	0.011764705882352941	0.0	0.0005392674837644886
f1	0.0	0.0	0.0	0.0	0.0	0.0	0.0	0.023255813953488372	0.0	0.0010659938632553846
