	_	_+=_	_+=e_	_+=er_	_+e_	_+er_	_+n_	_+ns_	_+s_	_-e_	weighted_average
precision	0.6121495327102804	0.0	0.0	0.041666666666666664	0.0	0.0	0.0	0.0	0.13953488372093023	0.0	0.031122080727134252
recall	0.5981735159817352	0.0	0.0	1.0	0.0	0.0	0.0	0.0	0.1411764705882353	0.0	0.1537528092990861
f1	0.605080831408776	0.0	0.0	0.07999999999999999	0.0	0.0	0.0	0.0	0.14035087719298248	0.0	0.03584249797290688
