	_	_+=e_	_+=er_	_+e_	_+er_	_+n_	_+ns_	_+s_	_-e_	weighted_average
precision	0.6121495327102804	0.0	0.043478260869565216	0.0	0.0	0.0	0.0	0.13953488372093023	0.0	0.0359726417538635
recall	0.5981735159817352	0.0	1.0	0.0	0.0	0.0	0.0	0.1411764705882353	0.0	0.17639794034263645
f1	0.605080831408776	0.0	0.08333333333333333	0.0	0.0	0.0	0.0	0.14035087719298248	0.0	0.04161242073213353
