	addition	addition_umlaut	concatenation	deletion	weighted_average
precision	0.3023255813953488	0.08695652173913043	0.6121495327102804	0.0	0.1440019616105511
recall	0.18571428571428572	1.0	0.5981735159817352	0.0	0.43496815904708364
f1	0.23008849557522124	0.16	0.605080831408776	0.0	0.15820648952979105
