	addition	addition_umlaut	concatenation	deletion	weighted_average
precision	0.3023255813953488	0.125	0.6121495327102804	0.0	0.15859765721064129
recall	0.18571428571428572	1.0	0.5981735159817352	0.0	0.4038001289093175
f1	0.23008849557522124	0.2222222222222222	0.605080831408776	0.0	0.17683300106642683
