	_	_+e_	_+er_	_+n_	_+ns_	_+s_	_-e_	weighted_average
precision	1.0	0.0	0.0	1.0	0.0	1.0	0.0	0.30172994032631956
recall	0.6	0.0	0.0	0.6666666666666666	0.0	0.8	0.0	0.21041967425831723
f1	0.7499999999999999	0.0	0.0	0.8	0.0	0.888888888888889	0.0	0.24719291704217186
