	_	_+=_	_+e_	_+er_	_+n_	_+ns_	_+s_	_-e_	weighted_average
precision	0.9090909090909091	0.0	0.0	0.0	0.6666666666666666	0.0	0.6666666666666666	0.0	0.17167476109845606
recall	0.6666666666666666	0.0	0.0	0.0	0.6666666666666666	0.0	0.8	0.0	0.16978170364606338
f1	0.7692307692307692	0.0	0.0	0.0	0.6666666666666666	0.0	0.7272727272727272	0.0	0.16925866721471858
