	addition	addition_umlaut	concatenation	deletion	weighted_average
precision	0.8888888888888888	0.0	0.9090909090909091	0.0	0.1782774253601988
recall	0.5	0.0	0.6666666666666666	0.0	0.11584465753684062
f1	0.64	0.0	0.7692307692307692	0.0	0.13985287052154285
