	addition	concatenation	deletion	weighted_average
precision	0.8888888888888888	0.9090909090909091	0.0	0.2975544204412986
recall	0.5	0.6666666666666666	0.0	0.19335083993360677
f1	0.64	0.7692307692307692	0.0	0.23342181294693595
