	_	_+=e_	_+=er_	_+e_	_+er_	_+n_	_+ns_	_+s_	_-e_	weighted_average
accuracy	0.5616438356164384	0.0	0.0	0.0	0.0	0.6086956521739131	0.0	0.9411764705882353	0.0	
