	_	_+=e_	_+=er_	_+e_	_+er_	_+n_	_+ns_	_+s_	_-e_	weighted_average
precision	1.0	0.0	0.0	0.0	0.0	1.0	0.0	1.0	0.0	0.13672400515640556
recall	0.5616438356164384	0.0	0.0	0.0	0.0	0.6086956521739131	0.0	0.9411764705882353	0.0	0.0966823165574183
f1	0.7192982456140351	0.0	0.0	0.0	0.0	0.7567567567567568	0.0	0.9696969696969697	0.0	0.11180951016588375
