	_	_+=_	_+=e_	_+=er_	_+e_	_+er_	_+n_	_+ns_	_+s_	_-e_	weighted_average
precision	0.9629629629629629	0.0	0.0	0.0	0.0	0.0	0.8648648648648649	0.0	0.898876404494382	0.0	0.10766337550084022
recall	0.593607305936073	0.0	0.0	0.0	0.0	0.0	0.6956521739130435	0.0	0.9411764705882353	0.0	0.08934475577854452
f1	0.7344632768361582	0.0	0.0	0.0	0.0	0.0	0.7710843373493975	0.0	0.9195402298850575	0.0	0.09661465274891406
