	addition	addition_umlaut	concatenation	deletion	weighted_average
precision	0.9285714285714286	0.0	0.9629629629629629	0.0	0.25374075840537713
recall	0.8357142857142857	0.0	0.593607305936073	0.0	0.19328516118005107
f1	0.8796992481203009	0.0	0.7344632768361582	0.0	0.2175407447061686
