	_	_+=e_	_+=er_	_+e_	_+er_	_+n_	_+ns_	_+s_	_-e_	weighted_average
accuracy	0.8858447488584474	0.3333333333333333	0.6666666666666666	0.3333333333333333	1.0	0.8913043478260869	1.0	0.9647058823529412	1.0	
