	_	_+=e_	_+=er_	_+e_	_+er_	_+n_	_+ns_	_+s_	_-e_	weighted_average
precision	1.0	1.0	1.0	1.0	1.0	1.0	1.0	1.0	1.0	1.0
recall	0.8858447488584474	0.3333333333333333	0.6666666666666666	0.3333333333333333	1.0	0.8913043478260869	1.0	0.9647058823529412	1.0	0.7428253906479577
f1	0.9394673123486683	0.5	0.8	0.5	1.0	0.9425287356321839	1.0	0.9820359281437125	1.0	0.8170980709941782
