	_	_+=e_	_+=er_	_+e_	_+er_	_+n_	_+ns_	_+s_	_-e_	weighted_average
precision	0.9849246231155779	1.0	1.0	1.0	1.0	0.9772727272727273	1.0	1.0	0.8	0.9728515825783423
recall	0.8949771689497716	0.3333333333333333	0.6666666666666666	0.3333333333333333	1.0	0.9347826086956522	1.0	0.9647058823529412	1.0	0.7454767966845507
f1	0.937799043062201	0.5	0.8	0.5	1.0	0.9555555555555557	1.0	0.9820359281437125	0.888888888888889	0.8036299186043535
