	_	_+=e_	_+=er_	_+e_	_+er_	_+n_	_+ns_	_+s_	_-e_	weighted_average
precision	0.9854368932038835	1.0	1.0	1.0	1.0	0.9761904761904762	1.0	0.9753086419753086	1.0	0.9970542708191084
recall	0.9269406392694064	0.6666666666666666	1.0	0.6666666666666666	1.0	0.8913043478260869	0.3333333333333333	0.9294117647058824	0.75	0.7601419158262573
f1	0.9552941176470588	0.8	1.0	0.8	1.0	0.9318181818181818	0.5	0.9518072289156626	0.8571428571428571	0.8418052030044958
