precision	1.0
recall	0.7428253906479577
f1	0.8170980709941782
accuracy	0.8970189701897019
