	addition	addition_umlaut	concatenation	deletion	weighted_average
precision	0.9924812030075187	1.0	0.9849246231155779	0.8	0.9155574512913214
recall	0.9428571428571428	0.5	0.8949771689497716	1.0	0.8108844828475632
f1	0.967032967032967	0.6666666666666666	0.937799043062201	0.888888888888889	0.830216542419995
