	addition	addition_umlaut	concatenation	deletion	weighted_average
precision	0.9922480620155039	1.0	0.9806763285024155	1.0	0.9964319097704032
recall	0.9142857142857143	0.5555555555555556	0.9269406392694064	0.75	0.7372197027219264
f1	0.9516728624535317	0.7142857142857143	0.9530516431924884	0.8571428571428571	0.8397092984255283
