	addition	addition_umlaut	concatenation	deletion	weighted_average
precision	0.9922480620155039	1.0	0.9854368932038835	1.0	0.9971980851143057
recall	0.9142857142857143	0.8333333333333334	0.9269406392694064	0.75	0.8214698447913951
f1	0.9516728624535317	0.9090909090909091	0.9552941176470588	0.8571428571428571	0.8991702220514263
