	_	_+=_	_+=e_	_+=er_	_+e_	_+er_	_+n_	_+ns_	_+s_	_-e_	weighted_average
precision	0.6702127659574468	0.0	0.0	0.0	1.0	1.0	1.0	1.0	0.8888888888888888	1.0	0.6011647089753083
recall	0.75	0.0	0.0	0.0	0.4	0.36363636363636365	0.8620689655172413	0.4444444444444444	0.9411764705882353	0.5454545454545454	0.3641845248850505
f1	0.7078651685393258	0.0	0.0	0.0	0.5714285714285715	0.5333333333333333	0.9259259259259259	0.6153846153846153	0.9142857142857143	0.7058823529411764	0.4350881665367092
