	addition	addition_umlaut	concatenation	deletion	weighted_average
precision	1.0	0.0	0.6702127659574468	1.0	0.6622535331411915
recall	0.7653061224489796	0.0	0.75	0.5454545454545454	0.4766654912332205
f1	0.8670520231213872	0.0	0.7078651685393258	0.7058823529411764	0.5430006727169772
