	_	_+=_	_+e_	_+er_	_+n_	_+ns_	_+s_	_-e_	weighted_average
precision	0.5	0.0	0.0	1.0	0.75	0.0	0.6	0.0	0.2777274428690255
recall	0.6666666666666666	0.0	0.0	0.3333333333333333	1.0	0.0	1.0	0.0	0.29234467670423736
f1	0.5714285714285715	0.0	0.0	0.5	0.8571428571428571	0.0	0.7499999999999999	0.0	0.2610220327716405
