	addition	addition_umlaut	concatenation	deletion	weighted_average
precision	0.9	0.0	0.5	0.0	0.174299542302348
recall	0.6428571428571429	0.0	0.6666666666666666	0.0	0.1806550656330431
f1	0.75	0.0	0.5714285714285715	0.0	0.1733273148652587
