	_	_+=_	_+=er_	_+e_	_+er_	_+n_	_+ns_	_+s_	_-e_	weighted_average
precision	0.4583333333333333	0.0	0.0	0.0	0.0	0.0	0.0	0.0	0.0	
recall	0.7333333333333333	0.0	0.0	0.0	0.0	0.0	0.0	0.0	0.0	
f1	0.5641025641025641	0.0	0.0	0.0	0.0	0.0	0.0	0.0	0.0	
