	addition	addition_umlaut	concatenation	deletion	weighted_average
precision	0.5	0.2	0.4583333333333333	0.0	0.17513819952571957
recall	0.125	1.0	0.7333333333333333	0.0	0.48660709410119135
f1	0.2	0.33333333333333337	0.5641025641025641	0.0	0.20976448362113717
