	addition	addition_umlaut	concatenation	deletion	weighted_average
precision	0.5	0.0	0.4583333333333333	0.0	
recall	0.125	0.0	0.7333333333333333	0.0	
f1	0.2	0.0	0.5641025641025641	0.0	
