	_	_+=e_	_+=er_	_+e_	_+er_	_+n_	_+ns_	_+s_	_-e_	weighted_average
accuracy	0.6529680365296804	0.3333333333333333	0.0	0.3333333333333333	0.0	0.7391304347826086	0.0	0.8235294117647058	0.0	
