	_	_+=e_	_+=er_	_+e_	_+er_	_+n_	_+ns_	_+s_	_-e_	weighted_average
precision	1.0	1.0	0.0	1.0	0.0	1.0	0.0	1.0	0.0	0.43128943321957824
recall	0.6529680365296804	0.3333333333333333	0.0	0.3333333333333333	0.0	0.7391304347826086	0.0	0.8235294117647058	0.0	0.19985230708024584
f1	0.7900552486187845	0.5	0.0	0.5	0.0	0.85	0.0	0.9032258064516129	0.0	0.26366864448239513
