	_	_+=e_	_+=er_	_+e_	_+er_	_+n_	_+ns_	_+s_	_-e_	weighted_average
precision	0.8478260869565217	1.0	0.0	0.5	0.0	0.8297872340425532	0.0	0.9090909090909091	0.0	0.3386938715870991
recall	0.8904109589041096	0.3333333333333333	0.0	0.3333333333333333	0.0	0.8478260869565217	0.0	0.8235294117647058	0.0	0.214605011299791
f1	0.8685968819599109	0.5	0.0	0.4	0.0	0.8387096774193549	0.0	0.8641975308641976	0.0	0.24952588241423695
