	addition	addition_umlaut	concatenation	deletion	weighted_average
precision	0.8888888888888888	1.0	0.8478260869565217	0.0	0.5586804155867704
recall	0.8	0.16666666666666666	0.8904109589041096	0.0	0.27082808801435765
f1	0.8421052631578948	0.2857142857142857	0.8685968819599109	0.0	0.3139369436199333
