	addition	addition_umlaut	concatenation	deletion	weighted_average
precision	0.8888888888888888	1.0	0.8369098712446352	0.0	0.5329340752247448
recall	0.8	0.1111111111111111	0.8904109589041096	0.0	0.259854646356779
f1	0.8421052631578948	0.19999999999999998	0.8628318584070797	0.0	0.28895782805991915
