	_	_+=e_	_+=er_	_+e_	_+er_	_+n_	_+ns_	_+s_	weighted_average
precision	0.3333333333333333	0.0	0.0	0.0	0.0	0.0	0.0	1.0	0.08053600452467222
recall	1.0	0.0	0.0	0.0	0.0	0.0	0.0	0.4	0.08456280475090584
f1	0.5	0.0	0.0	0.0	0.0	0.0	0.0	0.5714285714285715	0.0647164322073259
