	addition	addition_umlaut	concatenation	weighted_average
precision	1.0	0.0	0.3333333333333333	0.31986578247878295
recall	0.2	0.0	1.0	0.340258378200335
f1	0.33333333333333337	0.0	0.5	0.22174076986983532
