	_	_+=e_	_+=er_	_+e_	_+er_	_+n_	_+ns_	_+s_	_-e_	weighted_average
precision	1.0	1.0	1.0	1.0	1.0	1.0	1.0	1.0	1.0	1.0
recall	0.9302325581395349	0.6666666666666666	0.6666666666666666	0.3333333333333333	0.3333333333333333	1.0	0.6666666666666666	0.9411764705882353	0.6666666666666666	0.6347435765908078
f1	0.963855421686747	0.8	0.8	0.5	0.5	1.0	0.8	0.9696969696969697	0.8	0.7545959330499239
