	_	_+=_	_+=e_	_+=er_	_+e_	_+er_	_+n_	_+ns_	_+s_	_-e_	weighted_average
precision	0.8333333333333334	0.0	1.0	1.0	1.0	0.5	1.0	1.0	0.9411764705882353	1.0	0.8118767470049707
recall	0.9302325581395349	0.0	0.6666666666666666	0.6666666666666666	0.3333333333333333	0.3333333333333333	1.0	0.6666666666666666	0.9411764705882353	0.6666666666666666	0.5596084183932829
f1	0.8791208791208791	0.0	0.8	0.8	0.5	0.4	1.0	0.8	0.9411764705882353	0.8	0.6481430321138593
