precision	1.0
recall	0.6347435765908078
f1	0.7545959330499239
accuracy	0.8620689655172413
