	addition	addition_umlaut	concatenation	deletion	weighted_average
precision	0.967741935483871	1.0	0.851063829787234	1.0	0.9728098549040787
recall	0.8571428571428571	0.6666666666666666	0.9302325581395349	0.6666666666666666	0.7357128178686183
f1	0.909090909090909	0.8	0.888888888888889	0.8	0.8303233997704113
