	addition	addition_umlaut	concatenation	deletion	weighted_average
precision	0.967741935483871	1.0	0.8333333333333334	0.0	0.5441949062473423
recall	0.8571428571428571	0.4444444444444444	0.9302325581395349	0.0	0.3990870699865292
f1	0.909090909090909	0.6153846153846153	0.8791208791208791	0.0	0.4433661291363873
