	addition	addition_umlaut	concatenation	deletion	weighted_average
precision	0.967741935483871	1.0	0.8333333333333334	1.0	0.968778049385618
recall	0.8571428571428571	0.4444444444444444	0.9302325581395349	0.6666666666666666	0.6821424987453796
f1	0.909090909090909	0.6153846153846153	0.8791208791208791	0.8	0.7830326436470078
