	_	_+=e_	_+=er_	_+e_	_+er_	_+n_	_+ns_	_+s_	_-e_	weighted_average
precision	1.0	0.0	0.0	0.0	0.0	0.0	0.0	0.0	0.0	0.03785526423501449
recall	0.0091324200913242	0.0	0.0	0.0	0.0	0.0	0.0	0.0	0.0	0.00034571017566223275
f1	0.01809954751131222	0.0	0.0	0.0	0.0	0.0	0.0	0.0	0.0	0.0006851631535749229
