	_	_+=_	_+=e_	_+=er_	_+e_	_+er_	_+n_	_+ns_	_+s_	_-e_	weighted_average
precision	1.0	0.0	0.08333333333333333	0.0	0.017045454545454544	0.029411764705882353	0.12413793103448276	0.0	0.0	0.0	0.05539552502167395
recall	0.0045662100456621	0.0	0.3333333333333333	0.0	1.0	0.3333333333333333	0.391304347826087	0.0	0.0	0.0	0.23219674159713555
f1	0.00909090909090909	0.0	0.13333333333333333	0.0	0.0335195530726257	0.05405405405405406	0.18848167539267016	0.0	0.0	0.0	0.03737115936071152
