	_	_+=e_	_+=er_	_+e_	_+er_	_+n_	_+ns_	_+s_	_-e_	weighted_average
precision	0.5802047781569966	0.0	0.0	0.0	0.0	0.0	0.0	0.19047619047619047	0.0	0.030694802543738027
recall	0.776255707762557	0.0	0.0	0.0	0.0	0.0	0.0	0.09411764705882353	0.0	0.03369950480140569
f1	0.6640624999999999	0.0	0.0	0.0	0.0	0.0	0.0	0.12598425196850394	0.0	0.03091309430306985
