	_	_+=_	_+=e_	_+=er_	_+e_	_+er_	_+n_	_+ns_	_+s_	_-e_	weighted_average
precision	0.576271186440678	0.0	0.0	0.0	0.0	0.0	0.0	0.0	0.18604651162790697	0.0	0.02644757788876165
recall	0.776255707762557	0.0	0.0	0.0	0.0	0.0	0.0	0.0	0.09411764705882353	0.0	0.029373322189248895
f1	0.6614785992217898	0.0	0.0	0.0	0.0	0.0	0.0	0.0	0.125	0.0	0.026820036419984483
