	addition	addition_umlaut	concatenation	deletion	weighted_average
precision	0.36901408450704226	0.15384615384615385	1.0	0.0	0.22644621886635924
recall	0.9357142857142857	0.2222222222222222	0.0045662100456621	0.0	0.19848672966428882
f1	0.5292929292929294	0.18181818181818185	0.00909090909090909	0.0	0.12999946969134407
