	addition	addition_umlaut	concatenation	deletion	weighted_average
precision	0.34210526315789475	0.0	0.5802047781569966	0.0	0.11604441392813739
recall	0.18571428571428572	0.0	0.776255707762557	0.0	0.11916160241719183
f1	0.24074074074074076	0.0	0.6640624999999999	0.0	0.11280330836702229
