	addition	addition_umlaut	concatenation	deletion	weighted_average
precision	0.0	0.0	0.5887096774193549	0.0	0.07563495015355098
recall	0.0	0.0	1.0	0.0	0.12847580574027836
f1	0.0	0.0	0.7411167512690355	0.0	0.09521557176690681
