	addition	addition_umlaut	concatenation	deletion	weighted_average
precision	0.33766233766233766	0.0	0.576271186440678	0.0	0.12131811076311394
recall	0.18571428571428572	0.0	0.776255707762557	0.0	0.12573474068341747
f1	0.23963133640552997	0.0	0.6614785992217898	0.0	0.11853840010288355
