	_	_+=e_	_+=er_	_+e_	_+er_	_+n_	_+ns_	_+s_	weighted_average
precision	1.0	1.0	1.0	1.0	0.0	0.0	1.0	1.0	0.6877261725187194
recall	1.0	1.0	1.0	1.0	0.0	0.0	1.0	0.8	0.6756457718400185
f1	1.0	1.0	1.0	1.0	0.0	0.0	1.0	0.888888888888889	0.68101483880833
