	_	_+=e_	_+=er_	_+e_	_+er_	_+n_	_+ns_	_+s_	weighted_average
precision	0.75	0.0	0.0	1.0	1.0	1.0	0.0	1.0	0.5164887579297031
recall	0.6	0.0	0.0	1.0	1.0	1.0	0.0	1.0	0.5074284574206774
f1	0.6666666666666665	0.0	0.0	1.0	1.0	1.0	0.0	1.0	0.511455257646911
