	addition	addition_umlaut	concatenation	weighted_average
precision	1.0	0.0	0.75	0.443207399311184
recall	0.9	0.0	0.6	0.3766851683502334
f1	0.9473684210526316	0.0	0.6666666666666665	0.4068973659966584
