	weighted_accuracy	absolute_accuracy
ngrams	0.3001526431551465	0.375
ffn	0.0	0.0
rnn	0.0044234682861054	0.03125
gru	0.0	0.0
cnn	0.0044234682861054	0.03125
gbert	0.2075787739124246	0.28125
byt5	0.1930500366484286	0.40625
llama-instruct-base	0.2104196742583172	0.46875
llama-instruct+cand	0.294146606928828	0.5
llama-instruct+cand+par	0.310257912133037	0.5
