	_	_+=er_	_+e_	_+er_	_+n_	_+s_	_-e_	weighted_average
precision	1.0	0.0	0.0	0.0	0.0	0.0	0.0	0.06019281169754417
recall	0.1	0.0	0.0	0.0	0.0	0.0	0.0	0.006019281169754417
f1	0.18181818181818182	0.0	0.0	0.0	0.0	0.0	0.0	0.010944147581371667
