	_	_+=er_	_+e_	_+er_	_+n_	_+s_	_-e_	weighted_average
precision	0.47368421052631576	0.0	0.0	0.0	0.0	0.0	0.0	0.028512384488310394
recall	0.45	0.0	0.0	0.0	0.0	0.0	0.0	0.027086765263894877
f1	0.46153846153846156	0.0	0.0	0.0	0.0	0.0	0.0	0.02778129770655885
