	_	_+=er_	_+e_	_+er_	_+n_	_+ns_	_+s_	_-e_	weighted_average
precision	0.4375	0.0	0.0	0.08333333333333333	0.0	0.0	0.0	0.0	
recall	0.35	0.0	0.0	1.0	0.0	0.0	0.0	0.0	
f1	0.38888888888888884	0.0	0.0	0.15384615384615385	0.0	0.0	0.0	0.0	
