	addition	addition_umlaut	concatenation	deletion	weighted_average
precision	0.4642857142857143	0.0	0.4375	0.0	0.1076097095957984
recall	0.5909090909090909	0.0	0.35	0.0	0.11190404086901057
f1	0.52	0.0	0.38888888888888884	0.0	0.10827436431253591
