	addition	addition_umlaut	concatenation	deletion	weighted_average
precision	0.5185185185185185	0.0	0.47368421052631576	0.0	0.11837213603352972
recall	0.6363636363636364	0.0	0.45	0.0	0.12936451774204377
f1	0.5714285714285714	0.0	0.46153846153846156	0.0	0.12312432610329671
