	_	_+=_	_+=e_	_+=er_	_+e_	_+er_	_+n_	_+ns_	_+s_	_-e_	weighted_average
precision	0.0	0.0	0.0	0.0	0.0	0.0	0.09615384615384616	0.0	0.2831858407079646	0.0	0.015758742544645064
recall	0.0	0.0	0.0	0.0	0.0	0.0	0.10869565217391304	0.0	0.3764705882352941	0.0	0.02006549811240071
f1	0.0	0.0	0.0	0.0	0.0	0.0	0.10204081632653061	0.0	0.32323232323232326	0.0	0.01763084609480738
