	_	_+=_	_+=e_	_+=er_	_+e_	_+er_	_+n_	_+ns_	_+s_	_-e_	weighted_average
precision	0.5531914893617021	0.0	0.0	0.2	0.0	0.0	0.0	0.011904761904761904	0.07692307692307693	0.0	0.048529536331794715
recall	0.2374429223744292	0.0	0.0	0.3333333333333333	0.0	0.0	0.0	1.0	0.011764705882352941	0.0	0.1794716172176449
f1	0.33226837060702874	0.0	0.0	0.25	0.0	0.0	0.0	0.023529411764705882	0.02040816326530612	0.0	0.0468931715286032
