	_	_+=e_	_+=er_	_+e_	_+er_	_+n_	_+ns_	_+s_	_-e_	weighted_average
precision	0.5591397849462365	0.0	0.25	0.0	0.0	0.0	0.01195219123505976	0.07692307692307693	0.0	0.06327339367660671
recall	0.2374429223744292	0.0	0.3333333333333333	0.0	0.0	0.0	1.0	0.011764705882352941	0.0	0.20590468409309765
f1	0.3333333333333333	0.0	0.28571428571428575	0.0	0.0	0.0	0.023622047244094488	0.02040816326530612	0.0	0.05911378008080878
