	addition	addition_umlaut	concatenation	deletion	weighted_average
precision	0.3595505617977528	0.2727272727272727	0.5531914893617021	0.0	0.20349364032749606
recall	0.6857142857142857	0.3333333333333333	0.2374429223744292	0.0	0.2268377690552608
f1	0.47174447174447176	0.3	0.33226837060702874	0.0	0.19902791027586395
