	addition	addition_umlaut	concatenation	deletion	weighted_average
precision	0.372972972972973	0.0	0.0	0.0	0.052225581331427025
recall	0.9857142857142858	0.0	0.0	0.0	0.13802475066162856
f1	0.5411764705882354	0.0	0.0	0.0	0.07577829448089411
