	addition	addition_umlaut	concatenation	deletion	weighted_average
precision	0.3609022556390977	0.2	0.5591397849462365	0.0	0.18347195309653036
recall	0.6857142857142857	0.3333333333333333	0.2374429223744292	0.0	0.23240512510128802
f1	0.4729064039408867	0.25	0.3333333333333333	0.0	0.18771588778660253
