	addition	addition_umlaut	concatenation	weighted_average
precision	1.0	0.0	1.0	0.5172123694106247
recall	1.0	0.0	1.0	0.5172123694106247
f1	1.0	0.0	1.0	0.5172123694106247
