	weighted_accuracy	absolute_accuracy
ngrams	0.1998523070802458	0.6747967479674797
ffn	0.0003457101756622	0.005420054200542
rnn	0.00311139158096	0.048780487804878
gru	0.0	0.0
cnn	0.0005392674837644	0.002710027100271
gbert	0.0966823165574183	0.6260162601626016
byt5	0.4549565163516119	0.7859078590785907
llama-instruct-base	0.7607797254349163	0.9214092140921408
llama-instruct+cand	0.7428253906479576	0.8970189701897019
llama-instruct+cand+par	0.857293261320328	0.902439024390244
