	_	_+=e_	_+=er_	_+e_	_+er_	_+n_	_+ns_	_+s_	_-e_	weighted_average
accuracy	0.36764705882352944	0.0	0.0	0.0	0.0	0.9285714285714286	0.0	1.0	0.0	
