	_	_+=e_	_+=er_	_+e_	_+er_	_+n_	_+ns_	_+s_	_-e_	weighted_average
precision	1.0	0.0	0.0	0.0	0.0	1.0	0.0	1.0	0.0	0.17354770801633648
recall	0.36764705882352944	0.0	0.0	0.0	0.0	0.9285714285714286	0.0	1.0	0.0	0.1399930648560686
f1	0.5376344086021506	0.0	0.0	0.0	0.0	0.962962962962963	0.0	1.0	0.0	0.15008423459487624
