	_	_+=_	_+=e_	_+=er_	_+e_	_+er_	_+n_	_+ns_	_+s_	_-e_	weighted_average
precision	0.8157894736842105	0.0	0.0	0.0	0.0	0.0	0.8125	0.0	0.8666666666666667	0.0	0.12682498536270967
recall	0.45588235294117646	0.0	0.0	0.0	0.0	0.0	0.9285714285714286	0.0	1.0	0.0	0.12654215180507564
f1	0.5849056603773585	0.0	0.0	0.0	0.0	0.0	0.8666666666666666	0.0	0.9285714285714286	0.0	0.12418249689925102
