	_	_+=e_	_+=er_	_+e_	_+er_	_+n_	_+ns_	_+s_	_-e_	weighted_average
precision	0.8378378378378378	0.0	0.0	0.0	0.0	0.8125	0.0	0.8666666666666667	0.0	0.14528846251347322
recall	0.45588235294117646	0.0	0.0	0.0	0.0	0.9285714285714286	0.0	1.0	0.0	0.14397232703705054
f1	0.5904761904761905	0.0	0.0	0.0	0.0	0.8666666666666666	0.0	0.9285714285714286	0.0	0.14153886989419448
