	addition	addition_umlaut	concatenation	deletion	weighted_average
precision	0.9130434782608695	0.0	0.8157894736842105	0.0	0.25862233665301976
recall	0.8571428571428571	0.0	0.45588235294117646	0.0	0.19835231023578276
f1	0.8842105263157894	0.0	0.5849056603773585	0.0	0.22104900539724065
