	addition	addition_umlaut	concatenation	deletion	weighted_average
precision	0.9130434782608695	0.0	0.8378378378378378	0.0	0.249716946964605
recall	0.8571428571428571	0.0	0.45588235294117646	0.0	0.18920975413620672
f1	0.8842105263157894	0.0	0.5904761904761905	0.0	0.21162208411340322
