	_	_+e_	_+er_	_+n_	_+ns_	_+s_	_-e_	weighted_average
precision	0.6666666666666666	0.0	1.0	0.75	0.0	0.6	0.0	0.3651316830138012
recall	0.6666666666666666	0.0	0.3333333333333333	1.0	0.0	1.0	0.0	0.36311438089770287
f1	0.6666666666666666	0.0	0.5	0.8571428571428571	0.0	0.7499999999999999	0.0	0.33573670932208244
