	addition	concatenation	deletion	weighted_average
precision	0.9	0.6666666666666666	0.0	0.3210188100727636
recall	0.6428571428571429	0.6666666666666666	0.0	0.283536263862488
f1	0.75	0.6666666666666666	0.0	0.2991539914501028
