	_	_+=_	_+=e_	_+=er_	_+e_	_+er_	_+n_	_+ns_	_+s_	_-e_	weighted_average
precision	0.8243243243243243	0.0	1.0	1.0	1.0	1.0	0.6875	1.0	0.96	0.0	0.7294998734107463
recall	0.8970588235294118	0.0	1.0	0.6666666666666666	0.6666666666666666	1.0	0.7857142857142857	0.6666666666666666	0.9230769230769231	0.0	0.6155234775217973
f1	0.8591549295774648	0.0	1.0	0.8	0.8	1.0	0.7333333333333334	0.8	0.9411764705882353	0.0	0.660122820123439
