	addition	addition_umlaut	concatenation	deletion	weighted_average
precision	0.8958333333333334	1.0	0.8243243243243243	0.0	0.5207930477211674
recall	0.8775510204081632	0.5555555555555556	0.8970588235294118	0.0	0.4112201807073952
f1	0.8865979381443299	0.7142857142857143	0.8591549295774648	0.0	0.4490340771539024
