	_	_+=e_	_+=er_	_+e_	_+er_	_+n_	_+ns_	_+s_	_-e_	weighted_average
accuracy	0.9315068493150684	0.6666666666666666	1.0	0.6666666666666666	1.0	0.8695652173913043	0.3333333333333333	0.9647058823529412	0.75	
