	_	_+=e_	_+=er_	_+e_	_+er_	_+n_	_+ns_	_+s_	_-e_	weighted_average
precision	1.0	1.0	1.0	1.0	1.0	1.0	1.0	1.0	1.0	1.0
recall	0.9315068493150684	0.6666666666666666	1.0	0.6666666666666666	1.0	0.8695652173913043	0.3333333333333333	0.9647058823529412	0.75	0.7607797254349166
f1	0.9645390070921985	0.8	1.0	0.8	1.0	0.9302325581395349	0.5	0.9820359281437125	0.8571428571428571	0.843456698658815
