	_	_+=e_	_+=er_	_+e_	_+er_	_+n_	_+ns_	_+s_	_-e_	weighted_average
precision	0.9760765550239234	1.0	1.0	1.0	1.0	0.9761904761904762	1.0	0.9761904761904762	1.0	0.9967403540280334
recall	0.9315068493150684	0.6666666666666666	1.0	0.6666666666666666	1.0	0.8913043478260869	0.3333333333333333	0.9647058823529412	0.75	0.761932573365382
f1	0.9532710280373832	0.8	1.0	0.8	1.0	0.9318181818181818	0.5	0.9704142011834319	0.8571428571428571	0.8425815198975521
