precision	1.0
recall	0.7607797254349166
f1	0.843456698658815
accuracy	0.9214092140921409
