	addition	addition_umlaut	concatenation	deletion	weighted_average
precision	0.9924242424242424	1.0	0.9760765550239234	1.0	0.995865619847533
recall	0.9357142857142857	0.5555555555555556	0.9315068493150684	0.75	0.7408068882945836
f1	0.9632352941176471	0.7142857142857143	0.9532710280373832	0.8571428571428571	0.8413565148285581
