	addition	addition_umlaut	concatenation	deletion	weighted_average
precision	0.9924242424242424	1.0	0.9760765550239234	0.0	0.5653111762576167
recall	0.9357142857142857	0.5555555555555556	0.9315068493150684	0.0	0.41789105560214646
f1	0.9632352941176471	0.7142857142857143	0.9532710280373832	0.0	0.4723098488943442
