	addition	addition_umlaut	concatenation	deletion	weighted_average
precision	0.9924242424242424	1.0	0.9760765550239234	1.0	0.9960817562330665
recall	0.9357142857142857	0.8333333333333334	0.9315068493150684	0.75	0.8248695001188112
f1	0.9632352941176471	0.9090909090909091	0.9532710280373832	0.8571428571428571	0.9004582832921013
