	_	_+=e_	_+=er_	_+e_	_+er_	_+n_	_+ns_	_+s_	weighted_average
precision	0.8333333333333334	1.0	0.0	1.0	1.0	1.0	1.0	1.0	0.8337960856937757
recall	1.0	1.0	0.0	1.0	1.0	1.0	1.0	1.0	0.8438630862593597
f1	0.9090909090909091	1.0	0.0	1.0	1.0	1.0	1.0	1.0	0.8383719950417684
