	addition	addition_umlaut	concatenation	weighted_average
precision	1.0	1.0	0.8333333333333334	0.9506633532670395
recall	1.0	0.5	1.0	0.7586061847053123
f1	1.0	0.6666666666666666	0.9090909090909091	0.8121598915855631
