	_	_+=er_	_+e_	_+er_	_+n_	_+s_	_-e_	weighted_average
precision	0.4666666666666667	0.0	0.0	0.0	0.8	1.0	0.0	0.19750747794884133
recall	0.7	0.0	0.0	0.0	0.6153846153846154	0.25	0.0	0.11333400085614279
f1	0.56	0.0	0.0	0.0	0.6956521739130435	0.4	0.0	0.12756057786010921
