	addition	addition_umlaut	concatenation	deletion	weighted_average
precision	0.8181818181818182	0.0	0.4666666666666667	0.0	0.15276976479470844
recall	0.4090909090909091	0.0	0.7	0.0	0.13291646901931553
f1	0.5454545454545455	0.0	0.56	0.0	0.13199668939485165
