	_	_+=er_	_+e_	_+er_	_+n_	_+s_	_-e_	weighted_average
precision	1.0	0.0	0.0	0.0	1.0	1.0	0.0	0.2434984794624604
recall	0.2	0.0	0.0	0.0	0.5384615384615384	0.75	0.0	0.13482840405830332
f1	0.33333333333333337	0.0	0.0	0.0	0.7000000000000001	0.8571428571428571	0.0	0.1662712818864274
