	_	_+=er_	_+e_	_+er_	_+n_	_+s_	_-e_	weighted_average
precision	0.45454545454545453	0.0	0.0	0.0	0.8461538461538461	1.0	0.0	0.19998283009660525
recall	0.25	0.0	0.0	0.0	0.8461538461538461	0.75	0.0	0.1592044578866608
f1	0.3225806451612903	0.0	0.0	0.0	0.8461538461538461	0.8571428571428571	0.0	0.1757730936426983
