	addition	addition_umlaut	concatenation	deletion	weighted_average
precision	0.875	0.0	0.45454545454545453	0.0	0.15798461871298858
recall	0.6363636363636364	0.0	0.25	0.0	0.10513669490406036
f1	0.7368421052631579	0.0	0.3225806451612903	0.0	0.1257477736014814
