	_	_+=e_	_+=er_	_+e_	_+er_	_+n_	_+ns_	_+s_	weighted_average
precision	0.8	1.0	1.0	1.0	0.0	1.0	1.0	1.0	0.8317826855806589
recall	0.8	1.0	1.0	1.0	0.0	1.0	1.0	1.0	0.8317826855806589
f1	0.8000000000000002	1.0	1.0	1.0	0.0	1.0	1.0	1.0	0.8317826855806589
