	_	_+=e_	_+=er_	_+e_	_+er_	_+n_	_+ns_	_+s_	weighted_average
precision	1.0	1.0	1.0	1.0	0.0	1.0	1.0	1.0	0.8438630862593597
recall	1.0	1.0	1.0	1.0	0.0	1.0	1.0	1.0	0.8438630862593597
f1	1.0	1.0	1.0	1.0	0.0	1.0	1.0	1.0	0.8438630862593597
