	addition	addition_umlaut	concatenation	weighted_average
precision	1.0	1.0	1.0	1.0
recall	0.9	1.0	1.0	0.9778807510987138
f1	0.9473684210526316	1.0	1.0	0.9883582900519546
