precision	1.0
recall	0.9778807510987138
f1	0.9883582900519546
accuracy	0.9411764705882353
