	_	_+=e_	_+=er_	_+e_	_+er_	_+n_	_+ns_	_+s_	weighted_average
precision	0.8333333333333334	1.0	1.0	1.0	0.0	1.0	0.0	0.8333333333333334	0.6675921713875513
recall	1.0	1.0	1.0	1.0	0.0	1.0	0.0	1.0	0.6877261725187194
f1	0.9090909090909091	1.0	1.0	1.0	0.0	1.0	0.0	0.9090909090909091	0.6767439900835368
