	_	_+=e_	_+=er_	_+e_	_+er_	_+n_	_+s_	_-e_	weighted_average
precision	0.0	0.0	0.0	0.07692307692307693	0.25	0.14285714285714285	0.0	0.0	
recall	0.0	0.0	0.0	0.5	1.0	0.15384615384615385	0.0	0.0	
f1	0.0	0.0	0.0	0.13333333333333336	0.4	0.14814814814814817	0.0	0.0	
