	_	_+=er_	_+e_	_+er_	_+n_	_+s_	_-e_	weighted_average
precision	0.425531914893617	0.0	0.0	0.0	0.0	0.0	0.0	0.02561396242448688
recall	1.0	0.0	0.0	0.0	0.0	0.0	0.0	0.06019281169754417
f1	0.5970149253731344	0.0	0.0	0.0	0.0	0.0	0.0	0.03593600698360846
