	_	_+=er_	_+e_	_+er_	_+n_	_+s_	_-e_	weighted_average
precision	0.5	0.0	0.125	0.0	0.0	0.0	0.0	0.04432950893922275
recall	0.85	0.0	0.25	0.0	0.0	0.0	0.0	0.07963009612381389
f1	0.6296296296296295	0.0	0.16666666666666666	0.0	0.0	0.0	0.0	0.056876648522758325
