	addition	addition_umlaut	concatenation	deletion	weighted_average
precision	0.5384615384615384	0.0	0.5	0.0	0.12390579401206561
recall	0.3181818181818182	0.0	0.85	0.0	0.14039420523972007
f1	0.39999999999999997	0.0	0.6296296296296295	0.0	0.12332255159662417
