	addition	addition_umlaut	concatenation	deletion	weighted_average
precision	0.5	1.0	0.0	0.0	0.5908936618308152
recall	1.0	1.0	0.0	0.0	0.6497058818252718
f1	0.6666666666666666	1.0	0.0	0.0	0.6104977351623007
