	_	_+=e_	_+=er_	_+e_	_+er_	_+n_	_+ns_	_+s_	weighted_average
precision	0.26666666666666666	0.0	0.0	0.0	0.0	0.0	0.0	0.0	0.016107200904934445
recall	0.8	0.0	0.0	0.0	0.0	0.0	0.0	0.0	0.04832160271480334
f1	0.4	0.0	0.0	0.0	0.0	0.0	0.0	0.0	0.02416080135740167
