	_	_+=e_	_+=er_	_+e_	_+er_	_+n_	_+ns_	_+s_	weighted_average
precision	0.29411764705882354	0.0	0.0	0.0	0.0	0.0	0.0	0.0	0.01776529511573652
recall	1.0	0.0	0.0	0.0	0.0	0.0	0.0	0.0	0.06040200339350417
f1	0.45454545454545453	0.0	0.0	0.0	0.0	0.0	0.0	0.0	0.02745545608795644
