	_	_+=e_	_+=er_	_+e_	_+er_	_+n_	_+ns_	_+s_	weighted_average
precision	0.0	0.0	0.0	0.1111111111111111	0.0	0.0	0.0	0.0	0.01094571383442112
recall	0.0	0.0	0.0	0.5	0.0	0.0	0.0	0.0	0.04925571225489504
f1	0.0	0.0	0.0	0.1818181818181818	0.0	0.0	0.0	0.0	0.017911168092689105
