	addition	addition_umlaut	concatenation	weighted_average
precision	0.0	0.0	0.26666666666666666	0.0789386347727367
recall	0.0	0.0	0.8	0.2368159043182101
f1	0.0	0.0	0.4	0.11840795215910505
