	addition	addition_umlaut	concatenation	weighted_average
precision	0.5882352941176471	0.0	0.0	0.13011322883109533
recall	1.0	0.0	0.0	0.22119248901286206
f1	0.7407407407407407	0.0	0.0	0.1638462881576756
