	addition	addition_umlaut	concatenation	weighted_average
precision	0.0	0.0	0.29411764705882354	0.0870646707052243
recall	0.0	0.0	1.0	0.2960198803977626
f1	0.0	0.0	0.45454545454545453	0.1345544910898921
