	_	_+=e_	_+=er_	_+e_	_+er_	_+n_	_+ns_	_+s_	_-e_	weighted_average
precision	1.0	0.0	0.0	0.0	0.0	1.0	0.0	1.0	0.0	0.17354770801633648
recall	0.2647058823529412	0.0	0.0	0.0	0.0	0.7857142857142857	0.0	1.0	0.0	0.1252773972517952
f1	0.4186046511627907	0.0	0.0	0.0	0.0	0.88	0.0	1.0	0.0	0.1388662795627397
