	_	_+=e_	_+=er_	_+e_	_+er_	_+n_	_+ns_	_+s_	_-e_	weighted_average
accuracy	0.2647058823529412	0.0	0.0	0.0	0.0	0.7857142857142857	0.0	1.0	0.0	
