	_	_+=_	_+=e_	_+=er_	_+e_	_+er_	_+n_	_+ns_	_+s_	_-e_	weighted_average
precision	0.7419354838709677	0.0	0.0	0.0	0.0	0.0	0.6875	0.0	0.8666666666666667	0.0	0.11615056629838454
recall	0.3382352941176471	0.0	0.0	0.0	0.0	0.0	0.7857142857142857	0.0	1.0	0.0	0.11302513537254609
f1	0.46464646464646475	0.0	0.0	0.0	0.0	0.0	0.7333333333333334	0.0	0.9285714285714286	0.0	0.11115218427779795
