	_	_+=e_	_+=er_	_+e_	_+er_	_+n_	_+ns_	_+s_	_-e_	weighted_average
precision	0.7666666666666667	0.0	0.0	0.0	0.0	0.6875	0.0	0.8666666666666667	0.0	0.1332647176715532
recall	0.3382352941176471	0.0	0.0	0.0	0.0	0.7857142857142857	0.0	1.0	0.0	0.12859344906928016
f1	0.46938775510204084	0.0	0.0	0.0	0.0	0.7333333333333334	0.0	0.9285714285714286	0.0	0.1266763380154152
