	addition	addition_umlaut	concatenation	deletion	weighted_average
precision	0.8695652173913043	0.0	0.7666666666666667	0.0	0.23354885613088117
recall	0.8163265306122449	0.0	0.3382352941176471	0.0	0.1670799776860749
f1	0.8421052631578948	0.0	0.46938775510204084	0.0	0.18883091452430023
