	addition	addition_umlaut	concatenation	deletion	weighted_average
precision	0.8695652173913043	0.0	0.7419354838709677	0.0	0.24128839966202983
recall	0.8163265306122449	0.0	0.3382352941176471	0.0	0.1751532299139237
f1	0.8421052631578948	0.0	0.46464646464646475	0.0	0.19727545348032927
