	addition	addition_umlaut	concatenation	weighted_average
precision	1.0	1.0	0.8333333333333334	0.9506633532670395
recall	0.9	1.0	1.0	0.9778807510987138
f1	0.9473684210526316	1.0	0.9090909090909091	0.9614473918339762
