	addition	addition_umlaut	concatenation	weighted_average
precision	1.0	1.0	0.8333333333333334	0.9506633532670395
recall	0.8	1.0	1.0	0.9557615021974276
f1	0.888888888888889	1.0	0.9090909090909091	0.9485121585583702
