	_	_+=_	_+=e_	_+=er_	_+e_	_+er_	_+n_	_+ns_	_+s_	_-e_	weighted_average
precision	0.7647058823529411	0.0	0.0	0.0	1.0	1.0	1.0	1.0	0.7142857142857143	1.0	0.64032080403782
recall	1.0	0.0	0.0	0.0	0.6666666666666666	0.3333333333333333	1.0	0.3333333333333333	1.0	0.6666666666666666	0.46230804590185315
f1	0.8666666666666666	0.0	0.0	0.0	0.8	0.5	1.0	0.5	0.8333333333333333	0.8	0.5054319287096315
