	addition	addition_umlaut	concatenation	deletion	weighted_average
precision	1.0	0.0	0.7647058823529411	1.0	0.7216477837830515
recall	0.8235294117647058	0.0	1.0	0.6666666666666666	0.6087306171111755
f1	0.9032258064516129	0.0	0.8666666666666666	0.8	0.647671337694422
