	_	_+=e_	_+=er_	_+e_	_+er_	_+n_	_+ns_	_+s_	_-e_	weighted_average
accuracy	0.8604651162790697	0.6666666666666666	0.3333333333333333	0.3333333333333333	0.0	0.6666666666666666	0.3333333333333333	0.8235294117647058	0.6666666666666666	
