	_	_+=e_	_+=er_	_+e_	_+er_	_+n_	_+ns_	_+s_	_-e_	weighted_average
precision	1.0	1.0	1.0	1.0	0.0	1.0	1.0	1.0	1.0	0.865736190293118
recall	0.8604651162790697	0.6666666666666666	0.3333333333333333	0.3333333333333333	0.0	0.6666666666666666	0.3333333333333333	0.8235294117647058	0.6666666666666666	0.46252719739716047
f1	0.9249999999999999	0.8	0.5	0.5	0.0	0.8	0.5	0.9032258064516129	0.8	0.5845471308414897
