	_	_+=e_	_+=er_	_+e_	_+er_	_+n_	_+ns_	_+s_	_-e_	weighted_average
precision	0.7708333333333334	1.0	1.0	1.0	0.0	1.0	1.0	0.875	1.0	0.8464148641182483
recall	0.8604651162790697	0.6666666666666666	0.3333333333333333	0.3333333333333333	0.0	0.6666666666666666	0.3333333333333333	0.8235294117647058	1.0	0.5072818006327877
f1	0.8131868131868132	0.8	0.5	0.5	0.0	0.8	0.5	0.8484848484848485	1.0	0.6023751355017565
