	_	_+=_	_+=e_	_+=er_	_+e_	_+er_	_+n_	_+ns_	_+s_	_-e_	weighted_average
precision	0.7551020408163265	0.0	1.0	1.0	1.0	0.0	1.0	1.0	0.875	1.0	0.7455418197089925
recall	0.8604651162790697	0.0	0.6666666666666666	0.3333333333333333	0.3333333333333333	0.0	0.6666666666666666	0.3333333333333333	0.8235294117647058	1.0	0.44723440551619137
f1	0.8043478260869564	0.0	0.8	0.5	0.5	0.0	0.8	0.5	0.8484848484848485	1.0	0.5306881661085572
