	addition	addition_umlaut	concatenation	deletion	weighted_average
precision	1.0	1.0	0.7708333333333334	1.0	0.9659505273268973
recall	0.6857142857142857	0.5	0.8604651162790697	1.0	0.7854861781852374
f1	0.8135593220338984	0.6666666666666666	0.8131868131868132	1.0	0.8466772593571964
