	addition	addition_umlaut	concatenation	deletion	weighted_average
precision	1.0	1.0	0.7551020408163265	1.0	0.9619082891693743
recall	0.6857142857142857	0.3333333333333333	0.8604651162790697	1.0	0.7562584346914145
f1	0.8135593220338984	0.5	0.8043478260869564	1.0	0.8111326721208831
