	addition	addition_umlaut	concatenation	deletion	weighted_average
precision	1.0	1.0	0.7551020408163265	0.0	0.5373251460310987
recall	0.6857142857142857	0.3333333333333333	0.8604651162790697	0.0	0.33167529155313896
f1	0.8135593220338984	0.5	0.8043478260869564	0.0	0.3865495289826076
