	_	_+=er_	_+e_	_+er_	_+n_	_+s_	_-e_	weighted_average
precision	0.8235294117647058	1.0	1.0	1.0	1.0	1.0	1.0	0.989377739112198
recall	0.7	1.0	0.75	1.0	0.9230769230769231	0.75	0.75	0.8912019346371626
f1	0.7567567567567567	1.0	0.8571428571428571	1.0	0.9600000000000001	0.8571428571428571	0.8571428571428571	0.933781660945276
