	_	_+=er_	_+e_	_+er_	_+n_	_+s_	_-e_	weighted_average
precision	0.8	1.0	1.0	1.0	1.0	1.0	0.0	0.8740966129368856
recall	0.8	1.0	0.75	1.0	1.0	0.75	0.0	0.8171642005750829
f1	0.8000000000000002	1.0	0.8571428571428571	1.0	1.0	0.8571428571428571	0.0	0.8415638058729984
