	_	_+=er_	_+e_	_+er_	_+n_	_+s_	_-e_	weighted_average
precision	0.8888888888888888	1.0	1.0	1.0	1.0	1.0	1.0	0.9933119098113838
recall	0.8	1.0	0.75	1.0	1.0	0.75	0.75	0.9025628191177869
f1	0.8421052631578948	1.0	0.8571428571428571	1.0	1.0	0.8571428571428571	0.8571428571428571	0.9416966612413987
