	addition	addition_umlaut	concatenation	deletion	weighted_average
precision	1.0	1.0	0.8888888888888888	1.0	0.9865400984233427
recall	0.9090909090909091	1.0	0.8	0.75	0.9077902952577309
f1	0.9523809523809523	1.0	0.8421052631578948	0.8571428571428571	0.9425351784940142
