	addition	addition_umlaut	concatenation	deletion	weighted_average
precision	1.0	1.0	0.8235294117647058	1.0	0.978622509260603
recall	0.8636363636363636	1.0	0.7	0.75	0.8903298183846977
f1	0.9268292682926829	1.0	0.7567567567567567	0.8571428571428571	0.9291906334994916
