	addition	addition_umlaut	concatenation	deletion	weighted_average
precision	1.0	1.0	0.8	0.0	0.7466171731772054
recall	0.9090909090909091	1.0	0.8	0.0	0.7359240422691224
f1	0.9523809523809523	1.0	0.8000000000000002	0.0	0.7410160093682095
