	_	_+=er_	_+e_	_+er_	_+n_	_+s_	_-e_	weighted_average
precision	0.85	0.0	1.0	0.0	1.0	1.0	1.0	0.46219920715503954
recall	0.85	0.0	0.75	0.0	1.0	1.0	0.75	0.40526679479323685
f1	0.85	0.0	0.8571428571428571	0.0	1.0	1.0	0.8571428571428571	0.42966640009115226
