	addition	addition_umlaut	concatenation	deletion	weighted_average
precision	1.0	0.0	0.85	1.0	0.4497476910351539
recall	0.9090909090909091	0.0	0.85	0.75	0.38176580913086805
f1	0.9523809523809523	0.0	0.85	0.8571428571428571	0.4114100980854707
