	_	_+=e_	_+=er_	_+e_	_+er_	_+n_	_+ns_	_+s_	weighted_average
precision	0.1	0.0	0.0	0.0	0.0	0.0	0.0	0.16666666666666666	0.016107200904934445
recall	0.2	0.0	0.0	0.0	0.0	0.0	0.0	0.2	0.02416080135740167
f1	0.13333333333333333	0.0	0.0	0.0	0.0	0.0	0.0	0.1818181818181818	0.0190357828876498
