	addition	addition_umlaut	concatenation	weighted_average
precision	0.3333333333333333	1.0	0.1	0.5861204483001056
recall	0.2	0.5	0.2	0.3448362891768126
f1	0.25	0.6666666666666666	0.13333333333333333	0.4166258600325007
