	_	_+=e_	_+=er_	_+e_	_+er_	_+n_	_+ns_	_+s_	_-e_	weighted_average
precision	1.0	0.0	0.0	0.0	0.0	1.0	0.0	1.0	0.0	0.19440687208132018
recall	0.4892966360856269	0.0	0.0	0.0	0.0	0.6493506493506493	0.0	0.928	0.0	0.13581218397922323
f1	0.6570841889117044	0.0	0.0	0.0	0.0	0.7874015748031497	0.0	0.9626556016597512	0.0	0.1574635099662919
