	_	_+=e_	_+=er_	_+e_	_+er_	_+n_	_+ns_	_+s_	_-e_	weighted_average
accuracy	0.4892966360856269	0.0	0.0	0.0	0.0	0.6493506493506493	0.0	0.928	0.0	
