	_	_+=e_	_+=er_	_+e_	_+er_	_+n_	_+ns_	_+s_	_-e_	weighted_average
precision	0.8756218905472637	0.0	0.0	0.0	0.0	0.8529411764705882	0.0	0.8854961832061069	0.0	0.16921669434389902
recall	0.5382262996941896	0.0	0.0	0.0	0.0	0.7532467532467533	0.0	0.928	0.0	0.14612238135495792
f1	0.6666666666666666	0.0	0.0	0.0	0.0	0.7999999999999999	0.0	0.9062500000000001	0.0	0.1551912692292882
