{
    "weighted_accuracy": 0.13581218397922323,
    "absolute_accuracy": 0.5516074450084603
}