	addition	addition_umlaut	concatenation	deletion	weighted_average
precision	0.9246231155778895	0.0	0.8756218905472637	0.0	0.289460821551737
recall	0.7763713080168776	0.0	0.5382262996941896	0.0	0.2122994243574631
f1	0.8440366972477065	0.0	0.6666666666666666	0.0	0.24352877823122535
