	addition	addition_umlaut	concatenation	deletion	weighted_average
precision	0.9246231155778895	0.0	0.8712871287128713	0.0	0.30011259028186393
recall	0.7763713080168776	0.0	0.5382262996941896	0.0	0.22062747538563648
f1	0.8440366972477065	0.0	0.6654064272211719	0.0	0.25287746153432833
