	_	_+=_	_+=e_	_+=er_	_+e_	_+er_	_+n_	_+ns_	_+s_	_-e_	weighted_average
precision	0.8552631578947368	0.0	0.0	1.0	1.0	0.0	1.0	0.0	0.8928571428571429	0.0	0.3834760962509563
recall	0.9558823529411765	0.0	0.0	1.0	0.3333333333333333	0.0	0.7857142857142857	0.0	0.9615384615384616	0.0	0.2969706551739152
f1	0.9027777777777778	0.0	0.0	1.0	0.5	0.0	0.88	0.0	0.9259259259259259	0.0	0.3190732976333711
