	addition	addition_umlaut	concatenation	deletion	weighted_average
precision	1.0	0.75	0.8552631578947368	0.0	0.4754868853694053
recall	0.8163265306122449	0.3333333333333333	0.9558823529411765	0.0	0.35157166707999776
f1	0.898876404494382	0.46153846153846156	0.9027777777777778	0.0	0.39056440959014616
