	weighted_accuracy	absolute_accuracy
ngrams	0.0849957846339217	0.1914893617021276
ffn	0.0	0.0
rnn	0.0060192811697544	0.0425531914893617
gru	0.0	0.0
cnn	0.2643859355451644	0.0212765957446808
gbert	0.1385157225020648	0.3404255319148936
byt5	0.6061272637074022	0.7021276595744681
llama-instruct-base	0.8372791628602371	0.7659574468085106
llama-instruct+cand	0.882173012882531	0.723404255319149
llama-instruct+cand+par	0.8912019346371626	0.7872340425531915
