	_	_+=_	_+=e_	_+=er_	_+e_	_+er_	_+n_	_+ns_	_+s_	_-e_	weighted_average
precision	0.851063829787234	0.0	0.0	0.0	0.5	1.0	1.0	1.0	0.9411764705882353	1.0	0.5759038411666247
recall	0.9302325581395349	0.0	0.0	0.0	0.3333333333333333	0.3333333333333333	1.0	0.6666666666666666	0.9411764705882353	0.6666666666666666	0.4017805732213811
f1	0.888888888888889	0.0	0.0	0.0	0.4	0.5	1.0	0.8	0.9411764705882353	0.8	0.4591731960493125
