	addition	addition_umlaut	concatenation	deletion	weighted_average
precision	0.967741935483871	0.0	0.851063829787234	1.0	0.7159113477636607
recall	0.8571428571428571	0.0	0.9302325581395349	0.6666666666666666	0.5685315994227889
f1	0.909090909090909	0.0	0.888888888888889	0.8	0.627244572082477
