	_	_+=er_	_+e_	_+er_	_+n_	_+s_	_-e_	weighted_average
precision	1.0	0.0	0.0	0.0	1.0	1.0	0.0	0.2434984794624604
recall	0.35	0.0	0.0	0.0	0.46153846153846156	0.75	0.0	0.13851572250206487
f1	0.5185185185185185	0.0	0.0	0.0	0.631578947368421	0.8571428571428571	0.0	0.17266688329094335
