	_	_+=er_	_+e_	_+er_	_+n_	_+s_	_-e_	weighted_average
precision	0.5	0.0	0.0	0.0	0.9090909090909091	1.0	0.0	0.20708926970084185
recall	0.4	0.0	0.0	0.0	0.7692307692307693	0.75	0.0	0.16289177633042234
f1	0.4444444444444445	0.0	0.0	0.0	0.8333333333333333	0.8571428571428571	0.0	0.18221815114721818
