	addition	addition_umlaut	concatenation	deletion	weighted_average
precision	0.9285714285714286	0.0	0.5	0.0	0.1697922513703779
recall	0.5909090909090909	0.0	0.4	0.0	0.11796099657850642
f1	0.7222222222222223	0.0	0.4444444444444445	0.0	0.1387905907430671
