	_	_+=e_	_+=er_	_+e_	_+er_	_+n_	_+ns_	_+s_	_-e_	weighted_average
precision	1.0	1.0	1.0	1.0	1.0	1.0	1.0	1.0	1.0	1.0
recall	0.8571428571428571	0.7142857142857143	0.875	0.4666666666666667	0.36363636363636365	0.9655172413793104	0.3333333333333333	0.9117647058823529	0.5454545454545454	0.6456152133328248
f1	0.923076923076923	0.8333333333333333	0.9333333333333333	0.6363636363636364	0.5333333333333333	0.9824561403508771	0.5	0.9538461538461539	0.7058823529411764	0.760084878713737
