	_	_+=e_	_+=er_	_+e_	_+er_	_+n_	_+ns_	_+s_	_-e_	weighted_average
accuracy	0.8571428571428571	0.7142857142857143	0.875	0.4666666666666667	0.36363636363636365	0.9655172413793104	0.3333333333333333	0.9117647058823529	0.5454545454545454	
