	_	_+=_	_+=e_	_+=er_	_+e_	_+er_	_+n_	_+ns_	_+s_	_-e_	weighted_average
precision	0.8372093023255814	0.0	1.0	1.0	1.0	0.8	0.9666666666666667	1.0	0.8611111111111112	0.0	0.725100818895756
recall	0.8571428571428571	0.0	0.7142857142857143	0.875	0.4666666666666667	0.36363636363636365	1.0	0.3333333333333333	0.9117647058823529	0.0	0.5094275648613168
f1	0.8470588235294119	0.0	0.8333333333333333	0.9333333333333333	0.6363636363636364	0.5000000000000001	0.983050847457627	0.5	0.8857142857142858	0.0	0.5769347375762653
