precision	1.0
recall	0.6456152133328248
f1	0.760084878713737
accuracy	0.7836538461538461
