	addition	addition_umlaut	concatenation	deletion	weighted_average
precision	0.9753086419753086	1.0	0.8372093023255814	0.0	0.6181972944169535
recall	0.8061224489795918	0.5454545454545454	0.8571428571428571	0.0	0.46588747794569546
f1	0.88268156424581	0.7058823529411764	0.8470588235294119	0.0	0.5222037880399255
