	addition	addition_umlaut	concatenation	deletion	weighted_average
precision	0.9753086419753086	1.0	0.8372093023255814	1.0	0.9639059327442606
recall	0.8061224489795918	0.5454545454545454	0.8571428571428571	0.7272727272727273	0.7173119421837371
f1	0.88268156424581	0.7058823529411764	0.8470588235294119	0.8421052631578948	0.8133268518944999
