	addition	addition_umlaut	concatenation	deletion	weighted_average
precision	0.9753086419753086	1.0	0.8674698795180723	1.0	0.9708042606200321
recall	0.8061224489795918	0.8	0.8571428571428571	0.7272727272727273	0.7874998424393406
f1	0.88268156424581	0.888888888888889	0.8622754491017964	0.8421052631578948	0.8671870698976738
