	_	_+=_	_+=e_	_+=er_	_+e_	_+er_	_+n_	_+ns_	_+s_	_-e_	weighted_average
precision	0.5	0.0	0.0	0.0	0.0	0.0	0.0	0.03225806451612903	0.0	0.0	0.023724572967115328
recall	0.19117647058823528	0.0	0.0	0.0	0.0	0.0	0.0	1.0	0.0	0.0	0.1286440837457669
f1	0.2765957446808511	0.0	0.0	0.0	0.0	0.0	0.0	0.0625	0.0	0.0	0.018530454458914297
