	_	_+=_	_+=e_	_+=er_	_+e_	_+er_	_+n_	_+ns_	_+s_	_-e_	weighted_average
precision	0.0	0.0	0.0	0.0	0.0	0.03333333333333333	0.125	0.0	0.23809523809523808	0.0	0.02390698327442439
recall	0.0	0.0	0.0	0.0	0.0	0.6666666666666666	0.14285714285714285	0.0	0.38461538461538464	0.0	0.1091501397491101
f1	0.0	0.0	0.0	0.0	0.0	0.06349206349206349	0.13333333333333333	0.0	0.2941176470588235	0.0	0.030927468068804604
