	_	_+=e_	_+=er_	_+e_	_+er_	_+n_	_+ns_	_+s_	_-e_	weighted_average
precision	0.5	0.0	0.0	0.0	0.0	0.0	0.03296703296703297	0.0	0.0	0.027090099018148624
recall	0.19117647058823528	0.0	0.0	0.0	0.0	0.0	1.0	0.0	0.0	0.1463637833894048
f1	0.2765957446808511	0.0	0.0	0.0	0.0	0.0	0.06382978723404255	0.0	0.0	0.021266044836663247
