	addition	addition_umlaut	concatenation	deletion	weighted_average
precision	0.3541666666666667	0.2857142857142857	0.5	0.0	0.20195294561849583
recall	0.6938775510204082	0.2222222222222222	0.19117647058823528	0.0	0.19365297184257382
f1	0.46896551724137936	0.25	0.2765957446808511	0.0	0.17832333503083028
