	addition	addition_umlaut	concatenation	deletion	weighted_average
precision	0.3617021276595745	0.16666666666666666	0.5	0.0	0.17150532899269086
recall	0.6938775510204082	0.16666666666666666	0.19117647058823528	0.0	0.1784387308019637
f1	0.47552447552447547	0.16666666666666666	0.2765957446808511	0.0	0.15780128808598354
