	_	_+=_	_+=e_	_+=er_	_+e_	_+er_	_+n_	_+ns_	_+s_	_-e_	weighted_average
precision	0.875	0.0	0.0	0.0	1.0	0.0	1.0	0.0	0.8928571428571429	1.0	0.38425843361861833
recall	0.9264705882352942	0.0	0.0	0.0	0.3333333333333333	0.0	0.7857142857142857	0.0	0.9615384615384616	0.3333333333333333	0.21509405293440495
f1	0.9	0.0	0.0	0.0	0.5	0.0	0.88	0.0	0.9259259259259259	0.5	0.2584301162710797
