	addition	addition_umlaut	concatenation	deletion	weighted_average
precision	0.975609756097561	0.0	0.875	1.0	0.7146779896588071
recall	0.8163265306122449	0.0	0.9264705882352942	0.3333333333333333	0.40543576530108194
f1	0.888888888888889	0.0	0.9	0.5	0.48587648506009085
