	_	_+=e_	_+=er_	_+e_	_+er_	_+n_	_+ns_	_+s_	_-e_	weighted_average
precision	1.0	0.0	0.0	0.0	0.0	1.0	0.0	1.0	0.0	0.19440687208132018
recall	0.345565749235474	0.0	0.0	0.0	0.0	0.7012987012987013	0.0	0.92	0.0	0.1311696011954694
f1	0.5136363636363637	0.0	0.0	0.0	0.0	0.8244274809160306	0.0	0.9583333333333334	0.0	0.15198580211401969
