	_	_+=e_	_+=er_	_+e_	_+er_	_+n_	_+ns_	_+s_	_-e_	weighted_average
accuracy	0.345565749235474	0.0	0.0	0.0	0.0	0.7012987012987013	0.0	0.92	0.0	
