	_	_+=_	_+=e_	_+=er_	_+e_	_+er_	_+n_	_+ns_	_+s_	_-e_	weighted_average
precision	0.8518518518518519	0.0	0.0	0.0	0.0	0.0	0.735632183908046	0.0	0.8582089552238806	0.0	0.13654468922181795
recall	0.42201834862385323	0.0	0.0	0.0	0.0	0.0	0.8311688311688312	0.0	0.92	0.0	0.12561409806733403
f1	0.5644171779141105	0.0	0.0	0.0	0.0	0.0	0.7804878048780488	0.0	0.8880308880308881	0.0	0.12736826491591216
