	_	_+=e_	_+=er_	_+e_	_+er_	_+n_	_+ns_	_+s_	_-e_	weighted_average
precision	0.8571428571428571	0.0	0.0	0.0	0.0	0.735632183908046	0.0	0.8582089552238806	0.0	0.15780043276796907
recall	0.42201834862385323	0.0	0.0	0.0	0.0	0.8311688311688312	0.0	0.92	0.0	0.14490003589008016
f1	0.5655737704918032	0.0	0.0	0.0	0.0	0.7804878048780488	0.0	0.8880308880308881	0.0	0.14698726752685035
