	addition	addition_umlaut	concatenation	deletion	weighted_average
precision	0.8687782805429864	0.0	0.8571428571428571	0.0	0.2773486375084451
recall	0.810126582278481	0.0	0.42201834862385323	0.0	0.19973814685509012
f1	0.8384279475982533	0.0	0.5655737704918032	0.0	0.2268223254555678
