	addition	addition_umlaut	concatenation	deletion	weighted_average
precision	0.8687782805429864	0.0	0.8518518518518519	0.0	0.2873701553091192
recall	0.810126582278481	0.0	0.42201834862385323	0.0	0.20757344591120602
f1	0.8384279475982533	0.0	0.5644171779141105	0.0	0.23553246340941447
