	_	_+e_	_+er_	_+n_	_+ns_	_+s_	_-e_	weighted_average
precision	1.0	0.0	1.0	1.0	0.0	1.0	0.0	0.4344339889094843
recall	0.6	0.0	0.3333333333333333	0.6666666666666666	0.0	0.2	0.0	0.19305003664842862
f1	0.7499999999999999	0.0	0.5	0.8	0.0	0.33333333333333337	0.0	0.25650390386065836
