	_	_+=_	_+e_	_+er_	_+n_	_+ns_	_+s_	_-e_	weighted_average
precision	0.6363636363636364	0.0	0.0	1.0	1.0	0.0	0.5	0.0	0.2836784806057798
recall	0.9333333333333333	0.0	0.0	0.3333333333333333	0.6666666666666666	0.0	0.2	0.0	0.17003793366012718
f1	0.7567567567567568	0.0	0.0	0.5	0.8	0.0	0.28571428571428575	0.0	0.19919502422195645
