	addition	concatenation	deletion	weighted_average
precision	1.0	0.6666666666666666	0.0	0.27519289438852507
recall	0.3125	0.9333333333333333	0.0	0.2072635837044878
f1	0.47619047619047616	0.7777777777777778	0.0	0.20803839682505873
