	addition	addition_umlaut	concatenation	deletion	weighted_average
precision	1.0	0.0	0.6363636363636364	0.0	0.16184288917128864
recall	0.3125	0.0	0.9333333333333333	0.0	0.12418037016208165
f1	0.47619047619047616	0.0	0.7567567567567568	0.0	0.12253798364926988
