	weighted_accuracy	absolute_accuracy
ngrams	0.3746325492709079	0.6277495769881557
ffn	0.0003370751899769	0.0033840947546531
rnn	0.0040449022797234	0.0406091370558375
gru	0.0	0.0
cnn	0.0195561803766325	0.0084602368866328
gbert	0.1358121839792232	0.5516074450084603
byt5	0.4002619632474253	0.7208121827411168
llama-instruct-base	0.5715243244628235	0.8612521150592216
llama-instruct+cand	0.605336907312333	0.8358714043993232
llama-instruct+cand+par	0.6767452780669648	0.8477157360406091
