	_	_+=_	_+e_	_+er_	_+n_	_+ns_	_+s_	_-e_	weighted_average
precision	0.0	0.0	0.5	0.125	0.3333333333333333	0.0	0.2	0.0	0.11672873521721422
recall	0.0	0.0	0.6666666666666666	0.6666666666666666	0.3333333333333333	0.0	0.4	0.0	0.20723983185594663
f1	0.0	0.0	0.5714285714285715	0.21052631578947367	0.3333333333333333	0.0	0.26666666666666666	0.0	0.13859794368639522
