	addition	addition_umlaut	concatenation	deletion	weighted_average
precision	0.5	0.0	0.5454545454545454	0.0	
recall	0.625	0.0	0.4	0.0	
f1	0.5555555555555556	0.0	0.4615384615384615	0.0	
