	addition	addition_umlaut	concatenation	deletion	weighted_average
precision	0.48484848484848486	0.0	0.0	0.0	0.04754912267698326
recall	1.0	0.0	0.0	0.0	0.09807006552127798
f1	0.653061224489796	0.0	0.0	0.0	0.06404575707512032
