	addition	addition_umlaut	concatenation	deletion	weighted_average
precision	0.5	0.5	0.5454545454545454	0.0	0.30412632736068157
recall	0.625	1.0	0.4	0.0	0.5022373144737295
f1	0.5555555555555556	0.6666666666666666	0.4615384615384615	0.0	0.3679746859916048
