	_	_+=_	_+=e_	_+=er_	_+e_	_+er_	_+n_	_+ns_	_+s_	_-e_	weighted_average
precision	0.8611111111111112	0.0	0.0	0.0	1.0	0.0	1.0	0.0	0.8928571428571429	0.0	0.2626417506721338
recall	0.9117647058823529	0.0	0.0	0.0	0.3333333333333333	0.0	0.7857142857142857	0.0	0.9615384615384616	0.0	0.17415575181464982
f1	0.8857142857142858	0.0	0.0	0.0	0.5	0.0	0.88	0.0	0.9259259259259259	0.0	0.19733077841187638
