	addition	addition_umlaut	concatenation	deletion	weighted_average
precision	1.0	0.0	0.8611111111111112	0.0	0.27861209744007304
recall	0.8163265306122449	0.0	0.9117647058823529	0.0	0.25737444658842784
f1	0.898876404494382	0.0	0.8857142857142858	0.0	0.2664485548410998
