	_	_+=er_	_+e_	_+er_	_+n_	_+s_	_-e_	weighted_average
precision	1.0	0.0	1.0	0.0	1.0	1.0	1.0	0.47122812890967114
recall	0.65	0.0	0.5	0.0	0.8461538461538461	0.5	0.5	0.2686802011083825
f1	0.787878787878788	0.0	0.6666666666666666	0.0	0.9166666666666666	0.6666666666666666	0.6666666666666666	0.3388083950876895
