	_	_+=er_	_+e_	_+er_	_+n_	_+s_	_-e_	weighted_average
precision	0.6842105263157895	0.0	1.0	0.0	1.0	1.0	1.0	0.4522198725841309
recall	0.65	0.0	0.5	0.0	0.9230769230769231	0.5	0.5	0.27402180441925256
f1	0.6666666666666667	0.0	0.6666666666666666	0.0	0.9600000000000001	0.6666666666666666	0.6666666666666666	0.3345213998985652
