	_	_+=er_	_+e_	_+er_	_+n_	_+s_	_-e_	weighted_average
precision	0.65	0.0	1.0	0.0	1.0	1.0	0.0	0.3362958200919253
recall	0.65	0.0	0.5	0.0	0.9230769230769231	0.5	0.0	0.21708939205744987
f1	0.65	0.0	0.6666666666666666	0.0	0.9600000000000001	0.6666666666666666	0.0	0.2576083032212026
