	addition	addition_umlaut	concatenation	deletion	weighted_average
precision	1.0	0.0	0.65	0.0	0.19636486421235924
recall	0.7272727272727273	0.0	0.65	0.0	0.1642854714881102
f1	0.8421052631578948	0.0	0.65	0.0	0.17779258421410982
