	addition	addition_umlaut	concatenation	deletion	weighted_average
precision	1.0	0.0	0.6842105263157895	1.0	0.42966410105103603
recall	0.7272727272727273	0.0	0.65	0.5	0.2788629734805158
f1	0.8421052631578948	0.0	0.6666666666666667	0.6666666666666666	0.3325815721071493
