	_	_+=e_	_+=er_	_+e_	_+er_	_+n_	_+ns_	_+s_	weighted_average
precision	1.0	0.0	0.0	0.0	0.0	0.0	0.0	1.0	0.12080400678700834
recall	0.2	0.0	0.0	0.0	0.0	0.0	0.0	0.4	0.0362412020361025
f1	0.33333333333333337	0.0	0.0	0.0	0.0	0.0	0.0	0.5714285714285715	0.05464943164174187
