	_	_+=e_	_+=er_	_+e_	_+er_	_+n_	_+ns_	_+s_	weighted_average
precision	0.3333333333333333	0.0	0.0	0.0	0.0	0.0	0.0	0.6666666666666666	0.06040200339350416
recall	0.2	0.0	0.0	0.0	0.0	0.0	0.0	0.4	0.0362412020361025
f1	0.25	0.0	0.0	0.0	0.0	0.0	0.0	0.5	0.04530150254512813
