	addition	addition_umlaut	concatenation	weighted_average
precision	1.0	0.0	0.3333333333333333	0.31986578247878295
recall	0.3	0.0	0.2	0.12556172278341116
f1	0.4615384615384615	0.0	0.25	0.17609381118230005
