	_	_+=e_	_+=er_	_+e_	_+er_	_+n_	_+ns_	_+s_	_-e_	weighted_average
precision	1.0	1.0	1.0	1.0	1.0	1.0	1.0	1.0	1.0	0.9999999999999999
recall	0.9051987767584098	0.42857142857142855	1.0	0.4	0.36363636363636365	0.8441558441558441	0.2222222222222222	0.952	0.5	0.5715243244628234
f1	0.9502407704654896	0.6	1.0	0.5714285714285715	0.5333333333333333	0.9154929577464789	0.3636363636363636	0.9754098360655737	0.6666666666666666	0.6889954559607332
