	_	_+=e_	_+=er_	_+e_	_+er_	_+n_	_+ns_	_+s_	_-e_	weighted_average
accuracy	0.9051987767584098	0.42857142857142855	1.0	0.4	0.36363636363636365	0.8441558441558441	0.2222222222222222	0.952	0.5	
