	_	_+=e_	_+=er_	_+e_	_+er_	_+n_	_+ns_	_+s_	_-e_	weighted_average
precision	0.954983922829582	0.75	1.0	0.8571428571428571	1.0	0.9710144927536232	1.0	0.9444444444444444	1.0	0.9368942484399874
recall	0.908256880733945	0.42857142857142855	1.0	0.4	0.36363636363636365	0.8701298701298701	0.2222222222222222	0.952	0.5833333333333334	0.5839688949932295
f1	0.9310344827586206	0.5454545454545454	1.0	0.5454545454545455	0.5333333333333333	0.9178082191780821	0.3636363636363636	0.9482071713147411	0.7368421052631579	0.6836802676866977
