{
    "weighted_accuracy": 0.5715243244628235,
    "absolute_accuracy": 0.8612521150592216
}