	addition	addition_umlaut	concatenation	deletion	weighted_average
precision	0.9855769230769231	0.9166666666666666	0.954983922829582	1.0	0.9634122999274419
recall	0.8649789029535865	0.7333333333333333	0.908256880733945	0.5833333333333334	0.7295100101289373
f1	0.9213483146067415	0.8148148148148148	0.9310344827586206	0.7368421052631579	0.8230710306359195
