	addition	addition_umlaut	concatenation	deletion	weighted_average
precision	0.9855769230769231	0.9166666666666666	0.9519230769230769	0.0	0.5983847703006715
recall	0.8649789029535865	0.5	0.908256880733945	0.0	0.44571730297345746
f1	0.9213483146067415	0.6470588235294118	0.9295774647887324	0.0	0.5029291437949616
