	addition	addition_umlaut	concatenation	deletion	weighted_average
precision	0.9855769230769231	0.9166666666666666	0.954983922829582	1.0	0.9652460308493147
recall	0.8649789029535865	0.5	0.908256880733945	0.5833333333333334	0.659430073198261
f1	0.9213483146067415	0.6470588235294118	0.9310344827586206	0.7368421052631579	0.7731184652016264
