	_	_+=_	_+e_	_+er_	_+n_	_+ns_	_+s_	_-e_	weighted_average
precision	0.631578947368421	0.0	0.0	0.0	0.4	1.0	0.7142857142857143	0.0	0.26535352818997815
recall	0.8	0.0	0.0	0.0	0.6666666666666666	0.5	1.0	0.0	0.2591668142568807
f1	0.7058823529411765	0.0	0.0	0.0	0.5	0.6666666666666666	0.8333333333333333	0.0	0.24528546518153654
