	addition	addition_umlaut	concatenation	deletion	weighted_average
precision	0.7692307692307693	0.0	0.631578947368421	0.0	0.13873184067479352
recall	0.625	0.0	0.8	0.0	0.1414653406822407
f1	0.6896551724137931	0.0	0.7058823529411765	0.0	0.13837413064992246
