	_	_+=_	_+=e_	_+=er_	_+e_	_+er_	_+n_	_+ns_	_+s_	_-e_	weighted_average
precision	0.9235474006116208	0.0	0.75	1.0	1.0	1.0	0.9857142857142858	1.0	0.9444444444444444	0.0	0.7179830631688336
recall	0.9235474006116208	0.0	0.42857142857142855	1.0	0.6	0.2727272727272727	0.8961038961038961	0.2222222222222222	0.952	0.0	0.4555191147646042
f1	0.9235474006116207	0.0	0.5454545454545454	1.0	0.7499999999999999	0.42857142857142855	0.9387755102040817	0.3636363636363636	0.9482071713147411	0.0	0.5228992819035229
