	addition	addition_umlaut	concatenation	deletion	weighted_average
precision	0.9952380952380953	0.9166666666666666	0.9235474006116208	0.0	0.5954408745200804
recall	0.8818565400843882	0.5	0.9235474006116208	0.0	0.45109589174018594
f1	0.9351230425055927	0.6470588235294118	0.9235474006116207	0.0	0.5043164020754847
