	_	_+=_	_+e_	_+er_	_+n_	_+ns_	_+s_	_-e_	weighted_average
precision	0.0	0.0	0.14285714285714285	0.0	0.0	0.0	0.0	0.0	0.014981507759132444
recall	0.0	0.0	0.6666666666666666	0.0	0.0	0.0	0.0	0.0	0.0699137028759514
f1	0.0	0.0	0.23529411764705882	0.0	0.0	0.0	0.0	0.0	0.02467542454445344
