	_	_+=_	_+e_	_+er_	_+n_	_+ns_	_+s_	_-e_	weighted_average
precision	0.5	0.0	0.0	0.0	0.0	0.0	0.0	0.0	0.026217638578481778
recall	0.8	0.0	0.0	0.0	0.0	0.0	0.0	0.0	0.04194822172557085
f1	0.6153846153846154	0.0	0.0	0.0	0.0	0.0	0.0	0.0	0.03226786286582373
