	_	_+=_	_+e_	_+er_	_+n_	_+ns_	_+s_	_-e_	weighted_average
precision	0.45454545454545453	0.0	0.0	0.0	0.0	0.0	0.0	0.0	0.023834216889528886
recall	1.0	0.0	0.0	0.0	0.0	0.0	0.0	0.0	0.052435277156963556
f1	0.625	0.0	0.0	0.0	0.0	0.0	0.0	0.0	0.03277204822310222
