	_	_+e_	_+er_	_+n_	_+ns_	_+s_	_-e_	weighted_average
precision	0.5	0.0	0.0	0.0	0.0	0.0	0.0	0.033176012145791176
recall	0.8	0.0	0.0	0.0	0.0	0.0	0.0	0.053081619433265885
f1	0.6153846153846154	0.0	0.0	0.0	0.0	0.0	0.0	0.04083201494866606
