	addition	concatenation	deletion	weighted_average
precision	0.625	0.5	0.0	0.18593415717766423
recall	0.3125	0.8	0.0	0.1849618266087501
f1	0.4166666666666667	0.6153846153846154	0.0	0.17113289864147768
