	addition	addition_umlaut	concatenation	deletion	weighted_average
precision	0.5555555555555556	0.0	0.5	0.0	0.10459058831619455
recall	0.3125	0.0	0.8	0.0	0.11081844520684134
f1	0.39999999999999997	0.0	0.6153846153846154	0.0	0.10089844907885115
