	addition	addition_umlaut	concatenation	deletion	weighted_average
precision	0.0	0.0	0.45454545454545453	0.0	0.04555201689286475
recall	0.0	0.0	1.0	0.0	0.10021443716430245
f1	0.0	0.0	0.625	0.0	0.06263402322768903
