	_	_+=_	_+=e_	_+=er_	_+e_	_+er_	_+n_	_+ns_	_+s_	_-e_	weighted_average
precision	0.9766355140186916	0.0	0.0	0.0	1.0	1.0	0.9767441860465116	1.0	0.9764705882352941	1.0	0.6120882677031243
recall	0.954337899543379	0.0	0.0	0.0	0.6666666666666666	1.0	0.9130434782608695	0.3333333333333333	0.9764705882352941	0.75	0.4523887336733935
f1	0.9653579676674365	0.0	0.0	0.0	0.8	1.0	0.9438202247191011	0.5	0.9764705882352941	0.8571428571428571	0.5045349967544945
