	addition	addition_umlaut	concatenation	deletion	weighted_average
precision	0.9925373134328358	0.0	0.9766355140186916	1.0	0.6950086240321702
recall	0.95	0.0	0.954337899543379	0.75	0.5785490171832837
f1	0.9708029197080291	0.0	0.9653579676674365	0.8571428571428571	0.6290085936638784
