	_	_+=er_	_+e_	_+er_	_+n_	_+s_	_-e_	weighted_average
precision	1.0	1.0	1.0	1.0	1.0	1.0	1.0	0.9999999999999999
recall	0.65	1.0	0.5	1.0	0.9230769230769231	0.5	0.75	0.8312598816904827
f1	0.787878787878788	1.0	0.6666666666666666	1.0	0.9600000000000001	0.6666666666666666	0.8571428571428571	0.8922779074190665
