	_	_+=er_	_+e_	_+er_	_+n_	_+s_	_-e_	weighted_average
precision	0.8666666666666667	1.0	1.0	1.0	1.0	1.0	1.0	0.9919742917736606
recall	0.65	1.0	0.5	1.0	1.0	0.5	1.0	0.865067691182254
f1	0.7428571428571429	1.0	0.6666666666666666	1.0	1.0	0.6666666666666666	1.0	0.908611965271561
