	_	_+=er_	_+e_	_+er_	_+n_	_+s_	_-e_	weighted_average
precision	0.8666666666666667	1.0	1.0	1.0	1.0	1.0	0.0	0.8781094670500552
recall	0.65	1.0	0.5	1.0	1.0	0.5	0.0	0.7512028664586486
f1	0.7428571428571429	1.0	0.6666666666666666	1.0	1.0	0.6666666666666666	0.0	0.7947471405479556
