	addition	addition_umlaut	concatenation	deletion	weighted_average
precision	1.0	1.0	0.8666666666666667	1.0	0.9838481181080112
recall	0.8181818181818182	1.0	0.65	1.0	0.9362150482173631
f1	0.9	1.0	0.7428571428571429	1.0	0.9570874980665587
