	addition	addition_umlaut	concatenation	deletion	weighted_average
precision	1.0	1.0	0.8666666666666667	0.0	0.7546931141232
recall	0.8181818181818182	1.0	0.65	0.0	0.7070600442325519
f1	0.9	1.0	0.7428571428571429	0.0	0.7279324940817474
