	_	_+=e_	_+=er_	_+e_	_+er_	_+n_	_+ns_	_+s_	weighted_average
precision	0.35714285714285715	0.0	0.0	0.0	0.0	0.0	0.0	1.0	0.0819741474626128
recall	1.0	0.0	0.0	0.0	0.0	0.0	0.0	0.2	0.072482404072205
f1	0.5263157894736842	0.0	0.0	0.0	0.0	0.0	0.0	0.33333333333333337	0.051924529233012356
