	addition	addition_umlaut	concatenation	weighted_average
precision	1.0	0.0	0.35714285714285715	0.32691387486920587
recall	0.2	0.0	1.0	0.340258378200335
f1	0.33333333333333337	0.0	0.5263157894736842	0.22953076672240802
