	_	_+=er_	_+e_	_+er_	_+n_	_+s_	_-e_	weighted_average
precision	1.0	1.0	1.0	1.0	1.0	1.0	1.0	0.9999999999999999
recall	0.75	1.0	0.25	1.0	0.9230769230769231	1.0	0.5	0.8372791628602371
f1	0.8571428571428571	1.0	0.4	1.0	0.9600000000000001	1.0	0.6666666666666666	0.8823495567699999
