	_	_+=er_	_+e_	_+er_	_+n_	_+s_	_-e_	weighted_average
precision	0.8333333333333334	1.0	1.0	1.0	1.0	1.0	0.0	0.8761030399934705
recall	0.75	1.0	0.25	1.0	1.0	1.0	0.0	0.7856883538093044
f1	0.7894736842105262	1.0	0.4	1.0	1.0	1.0	0.0	0.8051441095585378
