	_	_+=er_	_+e_	_+er_	_+n_	_+s_	_-e_	weighted_average
precision	0.9375	1.0	1.0	1.0	1.0	1.0	1.0	0.9962379492689034
recall	0.75	1.0	0.25	1.0	1.0	1.0	0.75	0.8710869723520084
f1	0.8333333333333334	1.0	0.4	1.0	1.0	1.0	0.8571428571428571	0.9053825663509689
