	addition	addition_umlaut	concatenation	deletion	weighted_average
precision	1.0	1.0	0.9375	1.0	0.9924288053631303
recall	0.8636363636363636	1.0	0.75	0.75	0.8963867740941935
f1	0.9268292682926829	1.0	0.8333333333333334	0.8571428571428571	0.9384670521536744
