	_	_+=_	_+e_	_+er_	_+n_	_+ns_	_+s_	_-e_	weighted_average
precision	0.8461538461538461	0.0	0.0	0.0	0.6666666666666666	0.0	0.6666666666666666	0.0	0.1683746387599059
recall	0.7333333333333333	0.0	0.0	0.0	0.6666666666666666	0.0	0.8	0.0	0.17327738878986096
f1	0.7857142857142856	0.0	0.0	0.0	0.6666666666666666	0.0	0.7272727272727272	0.0	0.17012298497005313
