	addition	addition_umlaut	concatenation	deletion	weighted_average
precision	0.8888888888888888	0.0	0.8461538461538461	0.0	0.17197022302118675
recall	0.5	0.0	0.7333333333333333	0.0	0.12252562001446078
f1	0.64	0.0	0.7857142857142856	0.0	0.14150475684842695
