	_	_+=e_	_+=er_	_+e_	_+er_	_+n_	_+ns_	_+s_	_-e_	weighted_average
precision	1.0	1.0	1.0	1.0	1.0	1.0	0.0	1.0	0.0	0.7590072453236576
recall	1.0	0.6666666666666666	0.6666666666666666	0.6666666666666666	0.3333333333333333	1.0	0.0	1.0	0.0	0.5581799497600392
f1	1.0	0.8	0.8	0.8	0.5	1.0	0.0	1.0	0.0	0.6264612302516694
