	_	_+=e_	_+=er_	_+e_	_+er_	_+n_	_+ns_	_+s_	_-e_	weighted_average
precision	0.8125	1.0	1.0	1.0	1.0	1.0	0.0	0.625	0.0	0.7121783548919333
recall	1.0	0.6666666666666666	0.6666666666666666	0.6666666666666666	0.3333333333333333	1.0	0.0	1.0	0.0	0.5581799497600392
f1	0.896551724137931	0.8	0.8	0.8	0.5	1.0	0.0	0.7692307692307693	0.0	0.5983989816500085
