	_	_+=_	_+=e_	_+=er_	_+e_	_+er_	_+n_	_+ns_	_+s_	_-e_	weighted_average
precision	0.6842105263157895	0.0	1.0	1.0	1.0	1.0	1.0	0.0	0.625	0.0	0.6283447917779844
recall	1.0	0.0	0.6666666666666666	0.6666666666666666	0.6666666666666666	0.3333333333333333	1.0	0.0	1.0	0.0	0.4981541761750629
f1	0.8125000000000001	0.0	0.8	0.8	0.8	0.5	1.0	0.0	0.7692307692307693	0.0	0.5293000516058239
