	addition	addition_umlaut	concatenation	deletion	weighted_average
precision	1.0	1.0	0.8125	0.0	0.5957464904760167
recall	0.8235294117647058	0.6666666666666666	1.0	0.0	0.5134536194911002
f1	0.9032258064516129	0.8	0.896551724137931	0.0	0.5424789623581386
