	_	_+=_	_+=e_	_+=er_	_+e_	_+er_	_+n_	_+ns_	_+s_	_-e_	weighted_average
precision	0.5735294117647058	0.0	0.0	0.08571428571428572	0.0	0.07142857142857142	0.0	0.0	0.0	0.0	0.041758484102733986
recall	0.5735294117647058	0.0	0.0	1.0	0.0	0.3333333333333333	0.0	0.0	0.0	0.0	0.18415533583177585
f1	0.5735294117647058	0.0	0.0	0.15789473684210528	0.0	0.11764705882352941	0.0	0.0	0.0	0.0	0.05609258766418264
