	_	_+=e_	_+=er_	_+e_	_+er_	_+n_	_+ns_	_+s_	_-e_	weighted_average
precision	0.5735294117647058	0.0	0.09375	0.0	0.07142857142857142	0.0	0.0	0.0	0.0	0.0486172390003377
recall	0.5735294117647058	0.0	1.0	0.0	0.3333333333333333	0.0	0.0	0.0	0.0	0.20952126906164123
f1	0.5735294117647058	0.0	0.17142857142857143	0.0	0.11764705882352941	0.0	0.0	0.0	0.0	0.06568307370612782
