	addition	addition_umlaut	concatenation	deletion	weighted_average
precision	0.3076923076923077	0.1875	0.5735294117647058	0.0	0.17976572908715624
recall	0.16326530612244897	1.0	0.5735294117647058	0.0	0.40015579438381527
f1	0.21333333333333332	0.3157894736842105	0.5735294117647058	0.0	0.2039732554455841
