	addition	addition_umlaut	concatenation	deletion	weighted_average
precision	0.3076923076923077	0.2571428571428571	0.5735294117647058	0.0	0.19775108983638323
recall	0.16326530612244897	1.0	0.5735294117647058	0.0	0.37117151011217153
f1	0.21333333333333332	0.40909090909090906	0.5735294117647058	0.0	0.2231662251492443
