	_	_+=e_	_+=er_	_+e_	_+er_	_+n_	_+ns_	_+s_	_-e_	weighted_average
accuracy	0.8929663608562691	0.0	0.0	0.5333333333333333	0.7272727272727273	0.6233766233766234	0.3333333333333333	0.48	0.5833333333333334	
