	_	_+=e_	_+=er_	_+e_	_+er_	_+n_	_+ns_	_+s_	_-e_	weighted_average
precision	1.0	0.0	0.0	1.0	1.0	1.0	1.0	1.0	1.0	0.7011637515442429
recall	0.8929663608562691	0.0	0.0	0.5333333333333333	0.7272727272727273	0.6233766233766234	0.3333333333333333	0.48	0.5833333333333334	0.40026196324742536
f1	0.9434571890145396	0.0	0.0	0.6956521739130436	0.8421052631578948	0.768	0.5	0.6486486486486487	0.7368421052631579	0.5004372786743646
