	_	_+=_	_+=e_	_+=er_	_+e_	_+er_	_+n_	_+ns_	_+s_	_-e_	weighted_average
precision	0.9680511182108626	0.0	0.0	0.0	1.0	0.8888888888888888	0.9615384615384616	1.0	0.9836065573770492	0.8888888888888888	0.5785671639547221
recall	0.926605504587156	0.0	0.0	0.0	0.5333333333333333	0.7272727272727273	0.6493506493506493	0.3333333333333333	0.48	0.6666666666666666	0.3592370813926813
f1	0.946875	0.0	0.0	0.0	0.6956521739130436	0.7999999999999999	0.7751937984496124	0.5	0.6451612903225806	0.761904761904762	0.432265358941263
