	addition	addition_umlaut	concatenation	deletion	weighted_average
precision	0.9774436090225563	0.0	0.9680511182108626	0.8888888888888888	0.6505370231504622
recall	0.5485232067510548	0.0	0.926605504587156	0.6666666666666666	0.4887446880692165
f1	0.7027027027027025	0.0	0.946875	0.761904761904762	0.5534005101365991
