	addition	addition_umlaut	concatenation	deletion	weighted_average
precision	0.9774436090225563	0.0	0.9711538461538461	0.8888888888888888	0.626465433424658
recall	0.5485232067510548	0.0	0.926605504587156	0.6666666666666666	0.47029598536401346
f1	0.7027027027027025	0.0	0.9483568075117371	0.761904761904762	0.5327425330150704
