	_	_+=_	_+=e_	_+=er_	_+e_	_+er_	_+n_	_+ns_	_+s_	_-e_	weighted_average
precision	0.5234899328859061	0.0	0.0	0.2727272727272727	0.0	0.0	0.0	0.017456359102244388	0.09523809523809523	0.0	0.0669127096759983
recall	0.23853211009174313	0.0	0.0	0.375	0.0	0.0	0.0	0.7777777777777778	0.016	0.0	0.15303680697894165
f1	0.3277310924369748	0.0	0.0	0.3157894736842105	0.0	0.0	0.0	0.03414634146341463	0.027397260273972605	0.0	0.061108044256699634
