	_	_+=e_	_+=er_	_+e_	_+er_	_+n_	_+ns_	_+s_	_-e_	weighted_average
precision	0.527027027027027	0.0	0.3333333333333333	0.0	0.0	0.0	0.017587939698492462	0.09523809523809523	0.0	0.08620545746414338
recall	0.23853211009174313	0.0	0.375	0.0	0.0	0.0	0.7777777777777778	0.016	0.0	0.1765330417917361
f1	0.328421052631579	0.0	0.35294117647058826	0.0	0.0	0.0	0.0343980343980344	0.027397260273972605	0.0	0.07596133740871025
