	_	_+=_	_+=e_	_+=er_	_+e_	_+er_	_+n_	_+ns_	_+s_	_-e_	weighted_average
precision	0.0	0.0	0.0	0.0	0.02531645569620253	0.01968503937007874	0.1038961038961039	0.0	0.2554347826086957	0.0	0.02593793113719633
recall	0.0	0.0	0.0	0.0	0.13333333333333333	0.45454545454545453	0.1038961038961039	0.0	0.376	0.0	0.0920552014910151
f1	0.0	0.0	0.0	0.0	0.0425531914893617	0.03773584905660377	0.1038961038961039	0.0	0.3042071197411004	0.0	0.03246020803640932
