	addition	addition_umlaut	concatenation	deletion	weighted_average
precision	0.3949579831932773	0.0	0.0	0.0	0.0678228133219519
recall	0.9915611814345991	0.0	0.0	0.0	0.1702724638251535
f1	0.5649038461538461	0.0	0.0	0.0	0.09700618732346486
