	addition	addition_umlaut	concatenation	deletion	weighted_average
precision	0.3811764705882353	0.3333333333333333	0.5234899328859061	0.0	0.25027348369084756
recall	0.6835443037974683	0.36363636363636365	0.23853211009174313	0.0	0.26505427673946946
f1	0.48942598187311176	0.34782608695652173	0.3277310924369748	0.0	0.2414509428122654
