	addition	addition_umlaut	concatenation	deletion	weighted_average
precision	0.38388625592417064	0.23809523809523808	0.527027027027027	0.0	0.2233482321512863
recall	0.6835443037974683	0.3333333333333333	0.23853211009174313	0.0	0.25889261399272767
f1	0.49165402124430957	0.2777777777777778	0.328421052631579	0.0	0.2230970104845346
