	_	_+=e_	_+=er_	_+e_	_+er_	_+n_	_+ns_	_+s_	_-e_	weighted_average
accuracy	0.9411764705882353	0.0	1.0	0.3333333333333333	0.0	0.7142857142857143	0.0	0.9230769230769231	0.3333333333333333	
