	_	_+=e_	_+=er_	_+e_	_+er_	_+n_	_+ns_	_+s_	_-e_	weighted_average
precision	1.0	0.0	1.0	1.0	0.0	1.0	0.0	1.0	1.0	0.5867738540081682
recall	0.9411764705882353	0.0	1.0	0.3333333333333333	0.0	0.7142857142857143	0.0	0.9230769230769231	0.3333333333333333	0.3758618623277959
f1	0.9696969696969697	0.0	1.0	0.5	0.0	0.8333333333333333	0.0	0.9600000000000001	0.5	0.4335956476314529
