	_	_+=e_	_+=er_	_+e_	_+er_	_+n_	_+ns_	_+s_	_-e_	weighted_average
precision	0.9142857142857143	0.0	1.0	0.5	0.0	1.0	0.0	0.8888888888888888	1.0	0.5075998120470541
recall	0.9411764705882353	0.0	1.0	0.3333333333333333	0.0	0.7142857142857143	0.0	0.9230769230769231	0.3333333333333333	0.3758618623277959
f1	0.9275362318840579	0.0	1.0	0.4	0.0	0.8333333333333333	0.0	0.9056603773584906	0.5	0.4147717881886798
