	addition	addition_umlaut	concatenation	deletion	weighted_average
precision	0.9743589743589743	0.75	0.9142857142857143	1.0	0.9178290680928147
recall	0.7755102040816326	0.3333333333333333	0.9411764705882353	0.3333333333333333	0.4890833234207165
f1	0.8636363636363635	0.46153846153846156	0.9275362318840579	0.5	0.6075754512060637
