	addition	addition_umlaut	concatenation	deletion	weighted_average
precision	0.9743589743589743	0.75	0.927536231884058	0.0	0.4818694160615626
recall	0.7755102040816326	0.3333333333333333	0.9411764705882353	0.0	0.3431302410330496
f1	0.8636363636363635	0.46153846153846156	0.9343065693430658	0.0	0.3896164236772816
