	_	_+=er_	_+e_	_+er_	_+n_	_+s_	_-e_	weighted_average
precision	0.7619047619047619	1.0	1.0	0.0	1.0	1.0	0.0	0.6074176178984815
recall	0.8	1.0	0.75	0.0	1.0	0.75	0.0	0.5527782650299186
f1	0.7804878048780488	1.0	0.8571428571428571	0.0	1.0	0.8571428571428571	0.0	0.5760033764410527
