	addition	addition_umlaut	concatenation	deletion	weighted_average
precision	1.0	1.0	0.7619047619047619	0.0	0.7420023497794943
recall	0.8636363636363636	1.0	0.8	0.0	0.7305774768150809
f1	0.9268292682926829	1.0	0.7804878048780488	0.0	0.7356468168035792
