	addition	addition_umlaut	concatenation	deletion	weighted_average
precision	0.9	0.0	0.9166666666666666	0.0	0.18012629303642744
recall	0.5625	0.0	0.7333333333333333	0.0	0.12865499910954065
f1	0.6923076923076923	0.0	0.8148148148148148	0.0	0.14955086880530213
