	addition	addition_umlaut	concatenation	deletion	weighted_average
precision	1.0	1.0	0.6842105263157895	0.0	0.5527843978681827
recall	0.8235294117647058	0.4444444444444444	1.0	0.0	0.45564780220524276
f1	0.9032258064516129	0.6153846153846153	0.8125000000000001	0.0	0.47200656783523615
