	_	_+=e_	_+=er_	_+e_	_+er_	_+n_	_+ns_	_+s_	weighted_average
precision	0.8	0.0	0.0	1.0	0.0	1.0	0.0	1.0	0.36337194435873793
recall	0.8	0.0	0.0	1.0	0.0	1.0	0.0	1.0	0.36337194435873793
f1	0.8000000000000002	0.0	0.0	1.0	0.0	1.0	0.0	1.0	0.36337194435873793
