	addition	addition_umlaut	concatenation	weighted_average
precision	1.0	0.0	0.8	0.4580083933310722
recall	0.8	0.0	0.8	0.41376989552849974
f1	0.888888888888889	0.0	0.8000000000000002	0.43343145010742085
