	_	_+=e_	_+=er_	_+e_	_+er_	_+n_	_+ns_	_+s_	_-e_	weighted_average
precision	1.0	0.0	0.0	0.0	0.0	0.0	0.0	0.0	0.0	0.05511179356123206
recall	0.01834862385321101	0.0	0.0	0.0	0.0	0.0	0.0	0.0	0.0	0.0010112255699308635
f1	0.03603603603603604	0.0	0.0	0.0	0.0	0.0	0.0	0.0	0.0	0.0019860105787831376
