	_	_+=e_	_+=er_	_+e_	_+er_	_+n_	_+ns_	_+s_	_-e_	weighted_average
precision	0.5920679886685553	0.0	0.06779661016949153	0.0	0.0196078431372549	0.0	0.0	0.0	0.0	0.04500021698931948
recall	0.6391437308868502	0.0	1.0	0.0	0.09090909090909091	0.0	0.0	0.0	0.0	0.19220747268211996
f1	0.6147058823529412	0.0	0.12698412698412698	0.0	0.03225806451612903	0.0	0.0	0.0	0.0	0.05647327043735619
