{
    "weighted_accuracy": 0.0010112255699308635,
    "absolute_accuracy": 0.01015228426395939
}