	addition	addition_umlaut	concatenation	deletion	weighted_average
precision	0.38333333333333336	0.1271186440677966	0.5920679886685553	0.0	0.19721590507388603
recall	0.1940928270042194	1.0	0.6391437308868502	0.0	0.45797036497158455
f1	0.257703081232493	0.22556390977443605	0.6147058823529412	0.0	0.21209673916321192
