	addition	addition_umlaut	concatenation	deletion	weighted_average
precision	0.38333333333333336	0.176	0.5920679886685553	0.0	0.21461540345148594
recall	0.1940928270042194	1.0	0.6391437308868502	0.0	0.4367077050611262
f1	0.257703081232493	0.29931972789115646	0.6147058823529412	0.0	0.23367305578037972
