	addition	addition_umlaut	concatenation	deletion	weighted_average
precision	0.0	0.0	0.5468227424749164	0.0	0.08870222108926959
recall	0.0	0.0	1.0	0.0	0.16221384774123307
f1	0.0	0.0	0.707027027027027	0.0	0.11468957451109885
