	_	_+=er_	_+e_	_+er_	_+n_	_+s_	_-e_	weighted_average
precision	1.0	1.0	1.0	0.0	1.0	1.0	1.0	0.7356140644548355
recall	0.75	1.0	0.5	0.0	0.9230769230769231	0.75	0.5	0.5728932273150726
f1	0.8571428571428571	1.0	0.6666666666666666	0.0	0.9600000000000001	0.8571428571428571	0.6666666666666666	0.6320611709525199
