	_	_+=er_	_+e_	_+er_	_+n_	_+s_	_-e_	weighted_average
precision	0.8333333333333334	1.0	1.0	0.0	1.0	1.0	1.0	0.7255819291719114
recall	0.75	1.0	0.5	0.0	1.0	0.75	0.75	0.6067010368068441
f1	0.7894736842105262	1.0	0.6666666666666666	0.0	1.0	0.8571428571428571	0.8571428571428571	0.6524541449327196
