	addition	addition_umlaut	concatenation	deletion	weighted_average
precision	1.0	1.0	0.8823529411764706	0.0	0.7565933355222575
recall	0.8181818181818182	1.0	0.75	0.0	0.7191739556515436
f1	0.9	1.0	0.8108108108108107	0.0	0.7361643412236105
