	addition	addition_umlaut	concatenation	deletion	weighted_average
precision	1.0	1.0	0.8333333333333334	1.0	0.979810147635014
recall	0.8181818181818182	1.0	0.75	0.75	0.8910402086401521
f1	0.9	1.0	0.7894736842105262	0.8571428571428571	0.9299981554520178
