	addition	addition_umlaut	concatenation	deletion	weighted_average
precision	0.7142857142857143	0.0	0.5454545454545454	0.0	
recall	0.3125	0.0	0.8	0.0	
f1	0.43478260869565216	0.0	0.6486486486486486	0.0	
