	addition	addition_umlaut	concatenation	deletion	weighted_average
precision	0.7142857142857143	0.25	0.5454545454545454	0.0	0.22492690423665299
recall	0.3125	1.0	0.8	0.0	0.511676193864051
f1	0.43478260869565216	0.4	0.6486486486486486	0.0	0.2679862176268884
