	_	_+=e_	_+=er_	_+e_	_+er_	_+n_	_+ns_	_+s_	_-e_	weighted_average
precision	1.0	0.0	1.0	1.0	0.0	1.0	1.0	1.0	0.0	0.5867738540081682
recall	0.8529411764705882	0.0	1.0	0.3333333333333333	0.0	0.7857142857142857	1.0	0.8846153846153846	0.0	0.466518882508572
f1	0.9206349206349206	0.0	1.0	0.5	0.0	0.88	1.0	0.9387755102040816	0.0	0.502314949708322
