	_	_+=e_	_+=er_	_+e_	_+er_	_+n_	_+ns_	_+s_	_-e_	weighted_average
accuracy	0.8529411764705882	0.0	1.0	0.3333333333333333	0.0	0.7857142857142857	1.0	0.8846153846153846	0.0	
