	_	_+=_	_+=e_	_+=er_	_+e_	_+er_	_+n_	_+ns_	_+s_	_-e_	weighted_average
precision	0.9242424242424242	0.0	0.0	1.0	1.0	0.0	1.0	0.0	0.8846153846153846	0.0	0.38579063223615606
recall	0.8970588235294118	0.0	0.0	1.0	0.3333333333333333	0.0	0.7142857142857143	0.0	0.8846153846153846	0.0	0.28629500666493607
f1	0.9104477611940298	0.0	0.0	1.0	0.5	0.0	0.8333333333333333	0.0	0.8846153846153846	0.0	0.31438147473151085
