	_	_+=e_	_+=er_	_+e_	_+er_	_+n_	_+ns_	_+s_	_-e_	weighted_average
precision	0.921875	0.0	1.0	1.0	0.0	1.0	1.0	1.0	0.0	0.5832505489520905
recall	0.8676470588235294	0.0	1.0	0.3333333333333333	0.0	0.7857142857142857	1.0	0.8846153846153846	0.0	0.46718209287206897
f1	0.893939393939394	0.0	1.0	0.5	0.0	0.88	1.0	0.9387755102040816	0.0	0.5011110267108051
