	addition	addition_umlaut	concatenation	deletion	weighted_average
precision	1.0	0.75	0.9104477611940298	0.0	0.4956865025658602
recall	0.7551020408163265	0.5	0.8970588235294118	0.0	0.3832180597566826
f1	0.8604651162790697	0.6	0.9037037037037037	0.0	0.42947761181526656
