	addition	addition_umlaut	concatenation	deletion	weighted_average
precision	1.0	0.75	0.9242424242424242	0.0	0.4853757578283967
recall	0.7551020408163265	0.3333333333333333	0.8970588235294118	0.0	0.3336389371971074
f1	0.8604651162790697	0.46153846153846156	0.9104477611940298	0.0	0.38570396254491324
