	addition	addition_umlaut	concatenation	deletion	weighted_average
precision	1.0	1.0	0.921875	0.0	0.5716390160341085
recall	0.7755102040816326	0.5	0.8676470588235294	0.0	0.3822165734715341
f1	0.8735632183908045	0.6666666666666666	0.893939393939394	0.0	0.44991827096052484
