	_	_+=er_	_+e_	_+er_	_+n_	_+s_	_-e_	weighted_average
precision	0.8421052631578947	0.0	1.0	0.0	1.0	1.0	1.0	0.461724000746901
recall	0.8	0.0	0.75	0.0	1.0	0.75	0.75	0.37379094802745827
f1	0.8205128205128205	0.0	0.8571428571428571	0.0	1.0	0.8571428571428571	0.8571428571428571	0.41162508031684514
