	addition	addition_umlaut	concatenation	deletion	weighted_average
precision	1.0	0.0	0.8421052631578947	1.0	0.44879132960733875
recall	0.8636363636363636	0.0	0.8	0.75	0.37036228796733073
f1	0.9268292682926829	0.0	0.8205128205128205	0.8571428571428571	0.40483254475077834
