	_	_+=_	_+=e_	_+=er_	_+e_	_+er_	_+n_	_+ns_	_+s_	_-e_	weighted_average
precision	0.0	0.0	0.0	0.0	0.03076923076923077	0.06666666666666667	0.09302325581395349	0.0	0.0	0.0	0.01756137074837938
recall	0.0	0.0	0.0	0.0	0.6666666666666666	0.3333333333333333	0.2857142857142857	0.0	0.0	0.0	0.13877349348997164
f1	0.0	0.0	0.0	0.0	0.05882352941176471	0.1111111111111111	0.14035087719298245	0.0	0.0	0.0	0.029271677093368885
