	_	_+=_	_+=e_	_+=er_	_+e_	_+er_	_+n_	_+ns_	_+s_	_-e_	weighted_average
precision	0.5130434782608696	0.0	0.0	0.0	0.3333333333333333	0.0	0.0	0.0	0.0	0.0	0.06069161935123028
recall	0.8676470588235294	0.0	0.0	0.0	0.3333333333333333	0.0	0.0	0.0	0.0	0.0	0.07474754736146394
f1	0.644808743169399	0.0	0.0	0.0	0.3333333333333333	0.0	0.0	0.0	0.0	0.0	0.06591458713645372
