	_	_+=e_	_+=er_	_+e_	_+er_	_+n_	_+ns_	_+s_	_-e_	weighted_average
precision	0.5267857142857143	0.0	0.0	0.3333333333333333	0.0	0.0	0.0	0.0	0.0	0.06967115888515331
recall	0.8676470588235294	0.0	0.0	0.3333333333333333	0.0	0.0	0.0	0.0	0.0	0.08504342766763716
f1	0.6555555555555556	0.0	0.0	0.3333333333333333	0.0	0.0	0.0	0.0	0.0	0.07547846042520276
