	_	_+=_	_+=e_	_+=er_	_+e_	_+er_	_+n_	_+ns_	_+s_	_-e_	weighted_average
precision	0.5271317829457365	0.0	0.0	0.0	0.0	0.0	0.0	0.0	0.0	0.0	0.020894674501692273
recall	1.0	0.0	0.0	0.0	0.0	0.0	0.0	0.0	0.0	0.0	0.039638426628210335
f1	0.6903553299492386	0.0	0.0	0.0	0.0	0.0	0.0	0.0	0.0	0.0	0.027364599093586833
