	addition	addition_umlaut	concatenation	deletion	weighted_average
precision	0.2857142857142857	0.0	0.5130434782608696	0.0	0.11788227706110815
recall	0.08163265306122448	0.0	0.8676470588235294	0.0	0.1370523226181714
f1	0.12698412698412698	0.0	0.644808743169399	0.0	0.11214308353406738
