	addition	addition_umlaut	concatenation	deletion	weighted_average
precision	0.2857142857142857	0.0	0.5267857142857143	0.0	0.11432806849454709
recall	0.08163265306122448	0.0	0.8676470588235294	0.0	0.13073523689013344
f1	0.12698412698412698	0.0	0.6555555555555556	0.0	0.10844377790429884
