	addition	addition_umlaut	concatenation	deletion	weighted_average
precision	0.3629032258064516	0.0	0.0	0.0	0.05630920700372412
recall	0.9183673469387755	0.0	0.0	0.0	0.14249676874411818
f1	0.5202312138728324	0.0	0.0	0.0	0.08072071293019412
