	addition	addition_umlaut	concatenation	deletion	weighted_average
precision	0.0	0.0	0.5271317829457365	0.0	0.07556964935458299
recall	0.0	0.0	1.0	0.0	0.14336007009913537
f1	0.0	0.0	0.6903553299492386	0.0	0.09896938849483458
