	_	_+=_	_+=e_	_+=er_	_+e_	_+er_	_+n_	_+ns_	_+s_	_-e_	weighted_average
precision	0.8240343347639485	0.0	0.0	0.0	1.0	0.0	0.8043478260869565	0.0	0.8860759493670886	0.0	0.2281458940225653
recall	0.8767123287671232	0.0	0.0	0.0	0.6666666666666666	0.0	0.8043478260869565	0.0	0.8235294117647058	0.0	0.1845933418025299
f1	0.8495575221238938	0.0	0.0	0.0	0.8	0.0	0.8043478260869565	0.0	0.8536585365853657	0.0	0.20201781220729043
