	addition	addition_umlaut	concatenation	deletion	weighted_average
precision	0.8818897637795275	0.0	0.8240343347639485	0.0	0.22935518573920366
recall	0.8	0.0	0.8767123287671232	0.0	0.22465641033428763
f1	0.8389513108614232	0.0	0.8495575221238938	0.0	0.22662183623443097
