	_	_+=er_	_+e_	_+er_	_+n_	_+s_	_-e_	weighted_average
precision	0.8823529411764706	0.0	1.0	0.0	1.0	1.0	1.0	0.4641466216511365
recall	0.75	0.0	0.5	0.0	1.0	0.75	0.75	0.34231510126167974
f1	0.8108108108108107	0.0	0.6666666666666666	0.0	1.0	0.8571428571428571	0.8571428571428571	0.3893525510311728
