	addition	addition_umlaut	concatenation	deletion	weighted_average
precision	1.0	0.0	0.8823529411764706	1.0	0.45366689767071
recall	0.8181818181818182	0.0	0.75	0.75	0.35895876680379335
f1	0.9	0.0	0.8108108108108107	0.8571428571428571	0.4005014742313758
