	weighted_accuracy	absolute_accuracy
ngrams	0.6451912890612688	0.753968253968254
ffn	0.0	0.0
rnn	0.0019896310904909	0.0238095238095238
gru	0.0	0.0
cnn	0.0028915579742654	0.0158730158730158
gbert	0.1399930648560686	0.5079365079365079
byt5	0.355311621643939	0.5952380952380952
llama-instruct-base	0.3758618623277959	0.8174603174603174
llama-instruct+cand	0.4683227362761208	0.7698412698412699
llama-instruct+cand+par	0.4665188825085719	0.7857142857142857
