	_	_+=e_	_+=er_	_+e_	_+er_	_+n_	_+ns_	_+s_	_-e_	weighted_average
precision	1.0	0.0	0.0	0.0	0.0	0.0	0.0	1.0	0.0	0.10303534259777535
recall	0.014705882352941176	0.0	0.0	0.0	0.0	0.0	0.0	0.038461538461538464	0.0	0.0028915579742654495
f1	0.028985507246376812	0.0	0.0	0.0	0.0	0.0	0.0	0.07407407407407407	0.0	0.0055988296737510355
