	_	_+=e_	_+=er_	_+e_	_+er_	_+n_	_+ns_	_+s_	_-e_	weighted_average
accuracy	0.014705882352941176	0.0	0.0	0.0	0.0	0.0	0.0	0.038461538461538464	0.0	
