	_	_+=e_	_+=er_	_+e_	_+er_	_+n_	_+ns_	_+s_	_-e_	weighted_average
precision	0.5362318840579711	0.0	0.09375	0.0	0.0	0.0	0.0	0.12	0.0	0.04404891051448628
recall	0.5441176470588235	0.0	1.0	0.0	0.0	0.0	0.0	0.11538461538461539	0.0	0.16896587494563797
f1	0.5401459854014599	0.0	0.17142857142857143	0.0	0.0	0.0	0.0	0.11764705882352941	0.0	0.05478871297336065
