	_	_+=_	_+=e_	_+=er_	_+e_	_+er_	_+n_	_+ns_	_+s_	_-e_	weighted_average
precision	0.5362318840579711	0.0	0.0	0.08571428571428572	0.0	0.0	0.0	0.0	0.12	0.0	0.03774322555514313
recall	0.5441176470588235	0.0	0.0	1.0	0.0	0.0	0.0	0.0	0.11538461538461539	0.0	0.1485098271124421
f1	0.5401459854014599	0.0	0.0	0.15789473684210528	0.0	0.0	0.0	0.0	0.11764705882352941	0.0	0.04651716523379918
