	addition	addition_umlaut	concatenation	deletion	weighted_average
precision	0.32	0.15625	0.5362318840579711	0.0	0.1671881592500686
recall	0.16326530612244897	0.8333333333333334	0.5441176470588235	0.0	0.3465404609379597
f1	0.21621621621621617	0.2631578947368421	0.5401459854014599	0.0	0.18417368292963657
