	addition	addition_umlaut	concatenation	deletion	weighted_average
precision	0.32	0.22857142857142856	0.5362318840579711	0.0	0.18678188437664614
recall	0.16326530612244897	0.8888888888888888	0.5441176470588235	0.0	0.33766420028999433
f1	0.21621621621621617	0.3636363636363636	0.5401459854014599	0.0	0.20684507678281536
