	_	_+=er_	_+e_	_+er_	_+n_	_+s_	_-e_	weighted_average
precision	1.0	0.0	1.0	0.0	1.0	1.0	0.0	0.35736330418606577
recall	0.2	0.0	0.25	0.0	0.23076923076923078	0.25	0.0	0.08499578463392171
f1	0.33333333333333337	0.0	0.4	0.0	0.375	0.4	0.0	0.13719644648522392
