	_	_+=er_	_+e_	_+er_	_+n_	_+s_	_-e_	weighted_average
precision	0.4	0.0	1.0	0.0	0.75	1.0	0.0	0.3038874064072115
recall	0.6	0.0	0.25	0.0	0.46153846153846156	0.25	0.0	0.12509771924554958
f1	0.48	0.0	0.4	0.0	0.5714285714285714	0.4	0.0	0.1596648911315974
