	addition	addition_umlaut	concatenation	deletion	weighted_average
precision	0.8	0.0	0.4	0.0	0.14255519766709734
recall	0.36363636363636365	0.0	0.6	0.0	0.11545599214628231
f1	0.5000000000000001	0.0	0.48	0.0	0.11695899480561679
