	_	_+e_	_+er_	_+n_	_+ns_	_+s_	_-e_	weighted_average
precision	1.0	0.0	1.0	1.0	0.0	1.0	0.0	0.48415250786360386
recall	0.6666666666666666	0.0	0.3333333333333333	1.0	0.0	1.0	0.0	0.36311438089770287
f1	0.8	0.0	0.5	1.0	0.0	1.0	0.0	0.3994258189874732
