	_	_+=_	_+=e_	_+=er_	_+e_	_+er_	_+n_	_+ns_	_+s_	_-e_	weighted_average
precision	0.9715639810426541	0.0	1.0	1.0	1.0	1.0	1.0	1.0	0.9761904761904762	0.0	0.7591587818601201
recall	0.9360730593607306	0.0	0.6666666666666666	1.0	1.0	1.0	0.9130434782608695	0.3333333333333333	0.9647058823529412	0.0	0.625134229870576
f1	0.9534883720930233	0.0	0.8	1.0	1.0	1.0	0.9545454545454545	0.5	0.9704142011834319	0.0	0.6663678532939709
