	addition	addition_umlaut	concatenation	deletion	weighted_average
precision	1.0	1.0	0.9715639810426541	0.0	0.5657922159624929
recall	0.95	0.5555555555555556	0.9360730593607306	0.0	0.4204780618221833
f1	0.9743589743589743	0.7142857142857143	0.9534883720930233	0.0	0.47389536688936934
