	_	_+=_	_+e_	_+er_	_+n_	_+ns_	_+s_	_-e_	weighted_average
precision	1.0	0.0	0.0	0.0	0.75	0.0	0.6666666666666666	0.0	0.18518081733585579
recall	0.7333333333333333	0.0	0.0	0.0	1.0	0.0	0.8	0.0	0.20823424022783665
f1	0.846153846153846	0.0	0.0	0.0	0.8571428571428571	0.0	0.7272727272727272	0.0	0.19326749375178978
