	addition	addition_umlaut	concatenation	deletion	weighted_average
precision	0.9	0.0	1.0	0.0	0.18847749613345263
recall	0.5625	0.0	0.7333333333333333	0.0	0.12865499910954065
f1	0.6923076923076923	0.0	0.846153846153846	0.0	0.1526914921922176
