	_	_+e_	_+er_	_+n_	_+ns_	_+s_	_-e_	weighted_average
precision	1.0	0.0	1.0	1.0	1.0	1.0	0.0	0.601887854250506
recall	0.3333333333333333	0.0	0.3333333333333333	0.6666666666666666	0.5	0.6	0.0	0.30015264315514645
f1	0.5	0.0	0.5	0.8	0.6666666666666666	0.7499999999999999	0.0	0.39433258611993244
