	_	_+e_	_+er_	_+n_	_+ns_	_+s_	_-e_	weighted_average
precision	0.65	0.0	1.0	0.5	1.0	0.75	0.0	0.48664415459397664
recall	0.8666666666666667	0.0	0.3333333333333333	1.0	0.5	0.6	0.0	0.3797750723050453
f1	0.7428571428571429	0.0	0.5	0.6666666666666666	0.6666666666666666	0.6666666666666665	0.0	0.3841966203967875
