	_	_+=_	_+e_	_+er_	_+n_	_+ns_	_+s_	_-e_	weighted_average
precision	0.6190476190476191	0.0	0.0	1.0	0.5	1.0	0.75	0.0	0.38295187342826503
recall	0.8666666666666667	0.0	0.0	0.3333333333333333	1.0	0.5	0.6	0.0	0.3001206276105616
f1	0.7222222222222222	0.0	0.0	0.5	0.6666666666666666	0.6666666666666666	0.6666666666666665	0.0	0.3025327975210864
