	addition	concatenation	deletion	weighted_average
precision	0.75	0.65	0.0	0.2314841475240987
recall	0.5625	0.8666666666666667	0.0	0.2370337323840781
f1	0.6428571428571429	0.7428571428571429	0.0	0.22947814526114785
