	addition	addition_umlaut	concatenation	deletion	weighted_average
precision	0.75	0.0	0.6190476190476191	0.0	0.13559005786171716
recall	0.5625	0.0	0.8666666666666667	0.0	0.14201692406478097
f1	0.6428571428571429	0.0	0.7222222222222222	0.0	0.13542213562837332
