	_	_+=_	_+=e_	_+=er_	_+e_	_+er_	_+n_	_+ns_	_+s_	_-e_	weighted_average
precision	0.8604651162790697	0.0	0.0	0.0	1.0	0.75	0.9666666666666667	1.0	0.8918918918918919	1.0	0.583680517698554
recall	0.8809523809523809	0.0	0.0	0.0	0.4666666666666667	0.2727272727272727	1.0	0.4444444444444444	0.9705882352941176	0.5454545454545454	0.38141292794018644
f1	0.8705882352941177	0.0	0.0	0.0	0.6363636363636364	0.39999999999999997	0.983050847457627	0.6153846153846153	0.9295774647887325	0.7058823529411764	0.4422891938126609
