	addition	addition_umlaut	concatenation	deletion	weighted_average
precision	0.975609756097561	0.0	0.8604651162790697	1.0	0.6944819623798867
recall	0.8163265306122449	0.0	0.8809523809523809	0.5454545454545454	0.5115253324889608
f1	0.888888888888889	0.0	0.8705882352941177	0.7058823529411764	0.5785480176468736
