	_	_+=_	_+e_	_+er_	_+n_	_+ns_	_+s_	_-e_	weighted_average
precision	0.5	0.0	0.0	0.0	1.0	1.0	0.75	0.0	0.34222447741546597
recall	0.6666666666666666	0.0	0.0	0.0	1.0	0.5	1.0	0.0	0.321344919791855
f1	0.5714285714285715	0.0	0.0	0.0	1.0	0.6666666666666666	0.8571428571428571	0.0	0.3186372896378127
