	addition	addition_umlaut	concatenation	deletion	weighted_average
precision	1.0	0.0	0.5	0.0	0.18358698509014154
recall	0.5714285714285714	0.0	0.6666666666666666	0.0	0.1740211779274763
f1	0.7272727272727273	0.0	0.5714285714285715	0.0	0.17121653241348747
