	weighted_accuracy	absolute_accuracy
ngrams	0.072482404072205	0.3529411764705882
ffn	0.0	0.0
rnn	0.0	0.0
gru	0.0	0.0
cnn	0.0	0.0
gbert	0.072482404072205	0.3529411764705882
byt5	0.6877261725187194	0.8823529411764706
llama-instruct-base	0.8317826855806589	0.8823529411764706
llama-instruct+cand	0.8438630862593597	0.9411764705882352
llama-instruct+cand+par	0.8438630862593597	0.9411764705882352
