	_	_+=_	_+=e_	_+=er_	_+e_	_+er_	_+n_	_+ns_	_+s_	_-e_	weighted_average
precision	0.6796116504854369	0.0	1.0	1.0	1.0	1.0	0.96	1.0	0.8	0.0	0.731876496066944
recall	0.8333333333333334	0.0	0.7142857142857143	0.25	0.4666666666666667	0.18181818181818182	0.8275862068965517	0.2222222222222222	0.8235294117647058	0.0	0.38191169890060467
f1	0.7486631016042781	0.0	0.8333333333333333	0.4	0.6363636363636364	0.3076923076923077	0.888888888888889	0.3636363636363636	0.8115942028985507	0.0	0.45903859349453796
