	_	_+=e_	_+=er_	_+e_	_+er_	_+n_	_+ns_	_+s_	weighted_average
precision	0.8	0.0	0.0	1.0	0.0	1.0	0.0	0.8333333333333334	0.3533049437931539
recall	0.8	0.0	0.0	1.0	0.0	1.0	0.0	1.0	0.36337194435873793
f1	0.8000000000000002	0.0	0.0	1.0	0.0	1.0	0.0	0.9090909090909091	0.35788085314114665
