	addition	addition_umlaut	concatenation	weighted_average
precision	1.0	0.0	0.8	0.4580083933310722
recall	0.9	0.0	0.8	0.435889144429786
f1	0.9473684210526316	0.0	0.8000000000000002	0.4463666833830268
