	_	_+=_	_+=e_	_+=er_	_+e_	_+er_	_+n_	_+ns_	_+s_	_-e_	weighted_average
precision	0.7675675675675676	0.0	1.0	1.0	0.8	1.0	0.7532467532467533	1.0	0.8938053097345132	0.0	0.706174708649856
recall	0.8685015290519877	0.0	0.42857142857142855	0.25	0.26666666666666666	0.2727272727272727	0.7532467532467533	0.3333333333333333	0.808	0.0	0.32118145358234695
f1	0.8149210903873744	0.0	0.6	0.4	0.4	0.42857142857142855	0.7532467532467532	0.5	0.8487394957983193	0.0	0.41336544823790533
