	addition	addition_umlaut	concatenation	deletion	weighted_average
precision	0.8756218905472637	1.0	0.7675675675675676	0.0	0.5745730849756819
recall	0.7426160337552743	0.22727272727272727	0.8685015290519877	0.0	0.33651977541136585
f1	0.8036529680365296	0.37037037037037035	0.8149210903873744	0.0	0.381195982519159
