	_	_+=e_	_+=er_	_+e_	_+er_	_+n_	_+ns_	_+s_	_-e_	weighted_average
precision	1.0	1.0	1.0	1.0	1.0	1.0	1.0	1.0	1.0	1.0
recall	0.8809523809523809	0.7142857142857143	0.75	0.4666666666666667	0.2727272727272727	0.9310344827586207	0.2222222222222222	0.9411764705882353	0.36363636363636365	0.5822485290632403
f1	0.9367088607594937	0.8333333333333333	0.8571428571428571	0.6363636363636364	0.42857142857142855	0.9642857142857143	0.3636363636363636	0.9696969696969697	0.5333333333333333	0.6991441391406912
