	_	_+=e_	_+=er_	_+e_	_+er_	_+n_	_+ns_	_+s_	_-e_	weighted_average
accuracy	0.8809523809523809	0.7142857142857143	0.75	0.4666666666666667	0.2727272727272727	0.9310344827586207	0.2222222222222222	0.9411764705882353	0.36363636363636365	
