	_	_+=_	_+=e_	_+=er_	_+e_	_+er_	_+n_	_+ns_	_+s_	_-e_	weighted_average
precision	0.8131868131868132	0.0	1.0	1.0	0.875	1.0	0.9655172413793104	1.0	0.8205128205128205	1.0	0.8353063459616367
recall	0.8809523809523809	0.0	0.7142857142857143	0.75	0.4666666666666667	0.2727272727272727	0.9655172413793104	0.2222222222222222	0.9411764705882353	0.45454545454545453	0.5211344618640102
f1	0.8457142857142858	0.0	0.8333333333333333	0.8571428571428571	0.608695652173913	0.42857142857142855	0.9655172413793104	0.3636363636363636	0.8767123287671232	0.625	0.605989911129266
