precision	1.0
recall	0.5822485290632403
f1	0.6991441391406912
accuracy	0.7692307692307693
