	addition	addition_umlaut	concatenation	deletion	weighted_average
precision	0.9753086419753086	1.0	0.8222222222222222	0.0	0.6152993162084947
recall	0.8061224489795918	0.5	0.8809523809523809	0.0	0.45803790311031645
f1	0.88268156424581	0.6666666666666666	0.8505747126436781	0.0	0.5121394372574207
