	addition	addition_umlaut	concatenation	deletion	weighted_average
precision	0.9753086419753086	1.0	0.8409090909090909	1.0	0.9658461344966043
recall	0.8061224489795918	0.7333333333333333	0.8809523809523809	0.45454545454545453	0.6809835064965462
f1	0.88268156424581	0.846153846153846	0.8604651162790699	0.625	0.7816097910510055
