	addition	addition_umlaut	concatenation	deletion	weighted_average
precision	0.9753086419753086	1.0	0.8131868131868132	1.0	0.9592608217848893
recall	0.8061224489795918	0.5	0.8809523809523809	0.45454545454545453	0.6151781932590924
f1	0.88268156424581	0.6666666666666666	0.8457142857142858	0.625	0.7272674992839105
