	_	_+=e_	_+=er_	_+e_	_+er_	_+n_	_+ns_	_+s_	_-e_	weighted_average
precision	1.0	0.0	1.0	0.0	0.0	0.0	0.0	1.0	0.0	0.26642903350526514
recall	0.0061162079510703364	0.0	0.125	0.0	0.0	0.0	0.0	0.016	0.0	0.019556180376632565
f1	0.0121580547112462	0.0	0.2222222222222222	0.0	0.0	0.0	0.0	0.031496062992125984	0.0	0.03503880052426344
