	_	_+=e_	_+=er_	_+e_	_+er_	_+n_	_+ns_	_+s_	_-e_	weighted_average
precision	0.5637982195845698	0.0	0.0625	0.0	0.0	0.0	0.0	0.11267605633802817	0.0	0.04759159172633092
recall	0.581039755351682	0.0	0.875	0.0	0.0	0.0	0.0	0.128	0.0	0.16761210684890984
f1	0.5722891566265061	0.0	0.11666666666666667	0.0	0.0	0.0	0.0	0.11985018726591759	0.0	0.05640371747494385
