	_	_+=_	_+=e_	_+=er_	_+e_	_+er_	_+n_	_+ns_	_+s_	_-e_	weighted_average
precision	0.5637982195845698	0.0	0.0	0.058823529411764705	0.0	0.0	0.0	0.0	0.11267605633802817	0.0	0.04079413435447475
recall	0.581039755351682	0.0	0.0	0.875	0.0	0.0	0.0	0.0	0.128	0.0	0.14530323265732756
f1	0.5722891566265061	0.0	0.0	0.11023622047244094	0.0	0.0	0.0	0.0	0.11985018726591759	0.0	0.0480864815322787
