{
    "weighted_accuracy": 0.019556180376632565,
    "absolute_accuracy": 0.008460236886632826
}