	addition	addition_umlaut	concatenation	deletion	weighted_average
precision	0.3380281690140845	0.16806722689075632	0.5637982195845698	0.0	0.19987232991771473
recall	0.20253164556962025	0.9090909090909091	0.581039755351682	0.0	0.401486125506289
f1	0.2532981530343008	0.2836879432624114	0.5722891566265061	0.0	0.2213512112960818
