	addition	addition_umlaut	concatenation	deletion	weighted_average
precision	0.3380281690140845	0.11607142857142858	0.5637982195845698	0.0	0.1817141748014029
recall	0.20253164556962025	0.8666666666666667	0.581039755351682	0.0	0.4068107492558865
f1	0.2532981530343008	0.2047244094488189	0.5722891566265061	0.0	0.1979515401807682
