	_	_+=e_	_+=er_	_+e_	_+er_	_+n_	_+ns_	_+s_	_-e_	weighted_average
precision	1.0	0.0	0.0	0.0	0.0	0.0	0.0	0.0	0.0	0.03785526423501449
recall	0.0273972602739726	0.0	0.0	0.0	0.0	0.0	0.0	0.0	0.0	0.0010371305269866982
f1	0.05333333333333332	0.0	0.0	0.0	0.0	0.0	0.0	0.0	0.0	0.002018947425867439
