	_	_+=_	_+=e_	_+=er_	_+e_	_+er_	_+n_	_+ns_	_+s_	_-e_	weighted_average
precision	0.6444444444444445	0.0	0.0	0.03896103896103896	0.0	0.0	0.0	0.0	0.0	0.0	0.026265454818030255
recall	0.6621004566210046	0.0	0.0	1.0	0.0	0.0	0.0	0.0	0.0	0.0	0.1502216495195562
f1	0.6531531531531531	0.0	0.0	0.07500000000000001	0.0	0.0	0.0	0.0	0.0	0.0	0.031179314665356
