	_	_+=_	_+=e_	_+=er_	_+e_	_+er_	_+n_	_+ns_	_+s_	_-e_	weighted_average
precision	0.5887096774193549	0.0	0.0	0.0	0.0	0.0	0.0	0.0	0.0	0.0	0.019424820163207183
recall	1.0	0.0	0.0	0.0	0.0	0.0	0.0	0.0	0.0	0.0	0.03299558493476289
f1	0.7411167512690355	0.0	0.0	0.0	0.0	0.0	0.0	0.0	0.0	0.0	0.024453580713073002
