	_	_+=e_	_+=er_	_+e_	_+er_	_+n_	_+ns_	_+s_	_-e_	weighted_average
precision	0.6444444444444445	0.0	0.04054054054054054	0.0	0.0	0.0	0.0	0.0	0.0	0.030366535568349926
recall	0.6621004566210046	0.0	1.0	0.0	0.0	0.0	0.0	0.0	0.0	0.1723467017670982
f1	0.6531531531531531	0.0	0.07792207792207792	0.0	0.0	0.0	0.0	0.0	0.0	0.03620186031788989
