	addition	addition_umlaut	concatenation	deletion	weighted_average
precision	0.35714285714285715	0.08108108108108109	0.6444444444444445	0.0	0.1532257900345554
recall	0.17857142857142858	1.0	0.6621004566210046	0.0	0.4418039709460485
f1	0.2380952380952381	0.15	0.6531531531531531	0.0	0.16174738182449008
