	addition	addition_umlaut	concatenation	deletion	weighted_average
precision	0.35714285714285715	0.11688311688311688	0.6444444444444445	0.0	0.16797983457062965
recall	0.17857142857142858	1.0	0.6621004566210046	0.0	0.41101301476383806
f1	0.2380952380952381	0.20930232558139536	0.6531531531531531	0.0	0.18024210267313467
