	_	_+=e_	_+=er_	_+e_	_+er_	_+n_	_+ns_	_+s_	weighted_average
precision	0.38461538461538464	0.0	0.5	0.0	0.0	0.0	0.0	0.0	0.10129999663705253
recall	1.0	0.0	1.0	0.0	0.0	0.0	0.0	0.0	0.21653891713414447
f1	0.5555555555555556	0.0	0.6666666666666666	0.0	0.0	0.0	0.0	0.0	0.13764794437904032
