	addition	addition_umlaut	concatenation	weighted_average
precision	1.0	1.0	0.38461538461538464	0.817833919755223
recall	0.2	1.0	1.0	0.8230460087897103
f1	0.33333333333333337	1.0	0.5555555555555556	0.7209739493701975
