	_	_+=er_	_+e_	_+er_	_+n_	_+s_	_-e_	weighted_average
precision	1.0	1.0	1.0	1.0	1.0	1.0	1.0	0.9999999999999999
recall	0.55	1.0	1.0	1.0	0.9230769230769231	1.0	0.25	0.882173012882531
f1	0.7096774193548387	1.0	1.0	1.0	0.9600000000000001	1.0	0.4	0.9114281390158651
