	_	_+=er_	_+e_	_+er_	_+n_	_+s_	_-e_	weighted_average
precision	0.8571428571428571	1.0	1.0	0.5	1.0	1.0	1.0	0.8592080591277685
recall	0.6	1.0	1.0	1.0	0.9230769230769231	1.0	0.5	0.9136488596483096
f1	0.7058823529411764	1.0	1.0	0.6666666666666666	0.9600000000000001	1.0	0.6666666666666666	0.8534350113757543
