	_	_+=er_	_+e_	_+er_	_+n_	_+s_	_-e_	weighted_average
precision	0.8333333333333334	1.0	1.0	1.0	1.0	1.0	0.0	0.8761030399934705
recall	0.75	1.0	0.5	1.0	1.0	0.75	0.0	0.7856883538093044
f1	0.7894736842105262	1.0	0.6666666666666666	1.0	1.0	0.8571428571428571	0.0	0.8192416592862222
