	_	_+=er_	_+e_	_+er_	_+n_	_+s_	_-e_	weighted_average
precision	0.8823529411764706	1.0	1.0	1.0	1.0	1.0	1.0	0.9929184927414653
recall	0.75	1.0	0.5	1.0	1.0	0.75	1.0	0.8995531785329097
f1	0.8108108108108107	1.0	0.6666666666666666	1.0	1.0	0.8571428571428571	1.0	0.9343908256534451
