	addition	addition_umlaut	concatenation	deletion	weighted_average
precision	0.9545454545454546	1.0	0.8571428571428571	1.0	0.9773478468045419
recall	0.9545454545454546	1.0	0.6	0.5	0.831620286877586
f1	0.9545454545454546	1.0	0.7058823529411764	0.6666666666666666	0.8826392819853596
