	addition	addition_umlaut	concatenation	deletion	weighted_average
precision	1.0	1.0	0.8823529411764706	1.0	0.9857483395070687
recall	0.8636363636363636	1.0	0.75	1.0	0.9536755250903963
f1	0.9268292682926829	1.0	0.8108108108108107	1.0	0.9684751228666609
