	addition	addition_umlaut	concatenation	deletion	weighted_average
precision	1.0	1.0	0.8333333333333334	0.0	0.7506551436502027
recall	0.8636363636363636	1.0	0.75	0.0	0.7245205211055851
f1	0.9268292682926829	1.0	0.7894736842105262	0.0	0.736735358266133
