	_	_+=e_	_+=er_	_+e_	_+er_	_+n_	_+ns_	_+s_	weighted_average
precision	0.5	0.0	1.0	0.0	0.0	0.0	0.0	0.0	0.1863379154373924
recall	0.2	0.0	1.0	0.0	0.0	0.0	0.0	0.0	0.16821731441934115
f1	0.28571428571428575	0.0	1.0	0.0	0.0	0.0	0.0	0.0	0.17339462899592722
