	addition	addition_umlaut	concatenation	weighted_average
precision	0.6428571428571429	1.0	0.5	0.772992742296525
recall	0.9	0.5	0.2	0.49967103148581604
f1	0.75	0.6666666666666666	0.28571428571428575	0.5723298958376385
