	_	_+e_	_+er_	_+n_	_+ns_	_+s_	_-e_	weighted_average
precision	1.0	0.0	1.0	1.0	0.0	1.0	0.0	0.48415250786360386
recall	0.3333333333333333	0.0	0.3333333333333333	1.0	0.0	1.0	0.0	0.32276833857573595
f1	0.5	0.0	0.5	1.0	0.0	1.0	0.0	0.36311438089770287
