	_	_+=_	_+e_	_+er_	_+n_	_+ns_	_+s_	_-e_	weighted_average
precision	1.0	0.0	0.0	1.0	0.75	0.0	0.6	0.0	0.32645155565306505
recall	0.3333333333333333	0.0	0.0	0.3333333333333333	1.0	0.0	1.0	0.0	0.259861934848211
f1	0.5	0.0	0.0	0.5	0.8571428571428571	0.0	0.7499999999999999	0.0	0.2540614452310634
