	addition	addition_umlaut	concatenation	deletion	weighted_average
precision	0.9	0.0	1.0	0.0	0.2650120995145545
recall	0.6428571428571429	0.0	0.3333333333333333	0.0	0.1201800274915721
f1	0.75	0.0	0.5	0.0	0.16036837812065777
