	addition	concatenation	deletion	weighted_average
precision	0.9	1.0	0.0	0.41593375924116305
recall	0.6428571428571429	0.3333333333333333	0.0	0.18862131469408855
f1	0.75	0.5	0.0	0.2516965168659031
