	_	_+=e_	_+=er_	_+e_	_+er_	_+n_	_+ns_	_+s_	_-e_	weighted_average
precision	1.0	0.0	0.0	1.0	1.0	1.0	1.0	1.0	1.0	0.7054345719368275
recall	0.9315068493150684	0.0	0.0	0.3333333333333333	1.0	0.6956521739130435	0.6666666666666666	0.5411764705882353	0.5	0.45495651635161194
f1	0.9645390070921985	0.0	0.0	0.5	1.0	0.8205128205128205	0.8	0.7022900763358779	0.6666666666666666	0.5355420775645433
