	_	_+=e_	_+=er_	_+e_	_+er_	_+n_	_+ns_	_+s_	_-e_	weighted_average
precision	0.9952153110047847	0.0	0.0	1.0	1.0	0.9696969696969697	1.0	1.0	1.0	0.7036464461251339
recall	0.9497716894977168	0.0	0.0	0.3333333333333333	1.0	0.6956521739130435	0.6666666666666666	0.5411764705882353	0.5	0.4556479367029364
f1	0.97196261682243	0.0	0.0	0.5	1.0	0.810126582278481	0.8	0.7022900763358779	0.6666666666666666	0.535272307622785
