	addition	addition_umlaut	concatenation	deletion	weighted_average
precision	0.9882352941176471	0.0	0.9952153110047847	1.0	0.6603664529311015
recall	0.6	0.0	0.9497716894977168	0.5	0.399289541882929
f1	0.7466666666666666	0.0	0.97196261682243	0.6666666666666666	0.4894625467283353
