	_	_+=e_	_+=er_	_+e_	_+er_	_+n_	_+ns_	_+s_	_-e_	weighted_average
accuracy	1.0	0.6666666666666666	1.0	0.6666666666666666	0.3333333333333333	1.0	0.3333333333333333	1.0	0.3333333333333333	
