	_	_+=e_	_+=er_	_+e_	_+er_	_+n_	_+ns_	_+s_	_-e_	weighted_average
precision	1.0	1.0	1.0	1.0	1.0	1.0	1.0	1.0	1.0	0.9999999999999998
recall	1.0	0.6666666666666666	1.0	0.6666666666666666	0.3333333333333333	1.0	0.3333333333333333	1.0	0.3333333333333333	0.6786763270982104
f1	1.0	0.8	1.0	0.8	0.5	1.0	0.5	1.0	0.5	0.7710568830574749
