	_	_+=_	_+=e_	_+=er_	_+e_	_+er_	_+n_	_+ns_	_+s_	_-e_	weighted_average
precision	0.8125	0.0	1.0	1.0	1.0	1.0	1.0	1.0	0.7142857142857143	0.0	0.7505590758024236
recall	1.0	0.0	0.6666666666666666	1.0	0.6666666666666666	0.3333333333333333	1.0	0.3333333333333333	1.0	0.0	0.5698464367214825
f1	0.896551724137931	0.0	0.8	1.0	0.8	0.5	1.0	0.5	0.8333333333333333	0.0	0.6146585209477275
