	_	_+=e_	_+=er_	_+e_	_+er_	_+n_	_+ns_	_+s_	_-e_	weighted_average
precision	0.9285714285714286	1.0	1.0	1.0	1.0	1.0	1.0	0.7142857142857143	1.0	0.9688420335970009
recall	1.0	0.6666666666666666	1.0	0.6666666666666666	0.3333333333333333	1.0	0.3333333333333333	1.0	0.6666666666666666	0.7188417862109341
f1	0.962962962962963	0.8	1.0	0.8	0.5	1.0	0.5	0.8333333333333333	0.8	0.7893233558338577
