	addition	addition_umlaut	concatenation	deletion	weighted_average
precision	1.0	1.0	0.9285714285714286	1.0	0.986191869787044
recall	0.8235294117647058	0.8333333333333334	1.0	0.6666666666666666	0.8024873306501963
f1	0.9032258064516129	0.9090909090909091	0.962962962962963	0.8	0.8783236629339158
