	addition	addition_umlaut	concatenation	deletion	weighted_average
precision	1.0	1.0	0.8125	1.0	0.9622193401089986
recall	0.8235294117647058	0.5555555555555556	1.0	0.6666666666666666	0.737031279355623
f1	0.9032258064516129	0.7142857142857143	0.896551724137931	0.8	0.8186510770334843
