	addition	addition_umlaut	concatenation	deletion	weighted_average
precision	1.0	1.0	0.8125	0.0	0.5786343230567625
recall	0.8235294117647058	0.5555555555555556	1.0	0.0	0.48130793465413224
f1	0.9032258064516129	0.7142857142857143	0.896551724137931	0.0	0.5117830633916954
