	_	_+=e_	_+=er_	_+e_	_+er_	_+n_	_+ns_	_+s_	_-e_	weighted_average
precision	0.6842105263157895	1.0	0.0	1.0	1.0	1.0	0.0	0.625	1.0	0.7040580629065389
recall	1.0	0.6666666666666666	0.0	0.6666666666666666	0.3333333333333333	1.0	0.0	1.0	0.6666666666666666	0.5581799497600392
f1	0.8125000000000001	0.8	0.0	0.8	0.5	1.0	0.0	0.7692307692307693	0.8	0.5930787903492328
