	_	_+=_	_+=e_	_+=er_	_+e_	_+er_	_+n_	_+ns_	_+s_	_-e_	weighted_average
precision	0.5909090909090909	0.0	1.0	0.0	1.0	1.0	1.0	0.0	0.625	1.0	0.6230742107944938
recall	1.0	0.0	0.6666666666666666	0.0	0.6666666666666666	0.3333333333333333	1.0	0.0	1.0	0.6666666666666666	0.49815417617506297
f1	0.7428571428571429	0.0	0.8	0.0	0.8	0.5	1.0	0.0	0.7692307692307693	0.8	0.5253659393717185
