	addition	addition_umlaut	concatenation	deletion	weighted_average
precision	1.0	1.0	0.5909090909090909	0.0	0.5339844522764882
recall	0.8235294117647058	0.2222222222222222	1.0	0.0	0.40432753730746374
f1	0.9032258064516129	0.3636363636363636	0.7428571428571429	0.0	0.3998347099515641
