	addition	addition_umlaut	concatenation	deletion	weighted_average
precision	1.0	1.0	0.6842105263157895	1.0	0.9389535295848258
recall	0.8235294117647058	0.3333333333333333	1.0	0.6666666666666666	0.6714005326028554
f1	0.9032258064516129	0.5	0.8125000000000001	0.8	0.7419842575804327
