	_	_+=_	_+=e_	_+=er_	_+e_	_+er_	_+n_	_+ns_	_+s_	_-e_	weighted_average
precision	0.7169811320754716	0.0	0.0	0.0	0.0	1.0	1.0	1.0	1.0	1.0	0.5142436874295279
recall	0.8837209302325582	0.0	0.0	0.0	0.0	0.3333333333333333	0.8888888888888888	1.0	0.8823529411764706	0.6666666666666666	0.38850554066300524
f1	0.7916666666666666	0.0	0.0	0.0	0.0	0.5	0.9411764705882353	1.0	0.9375	0.8	0.42688222690358124
