	addition	addition_umlaut	concatenation	deletion	weighted_average
precision	1.0	0.0	0.7169811320754716	1.0	0.7003543956114194
recall	0.7714285714285715	0.0	0.8837209302325582	0.6666666666666666	0.5472184545684131
f1	0.870967741935484	0.0	0.7916666666666666	0.8	0.6058607403615818
