	_	_+e_	_+er_	_+n_	_+ns_	_+s_	_-e_	weighted_average
precision	1.0	0.0	0.0	0.0	0.0	0.0	0.0	0.06635202429158235
recall	0.06666666666666667	0.0	0.0	0.0	0.0	0.0	0.0	0.00442346828610549
f1	0.125	0.0	0.0	0.0	0.0	0.0	0.0	0.008294003036447794
