	_	_+=_	_+e_	_+er_	_+n_	_+ns_	_+s_	_-e_	weighted_average
precision	0.5625	0.0	0.0	0.0	0.0	0.0	0.0	0.0	0.029494843400792
recall	0.6	0.0	0.0	0.0	0.0	0.0	0.0	0.0	0.03146116629417813
f1	0.5806451612903225	0.0	0.0	0.0	0.0	0.0	0.0	0.0	0.030446289962107867
