	_	_+=_	_+e_	_+er_	_+n_	_+ns_	_+s_	_-e_	weighted_average
precision	0.3333333333333333	0.0	0.0	0.125	0.0	0.25	0.09090909090909091	0.0	0.07104648847288376
recall	0.2	0.0	0.0	0.3333333333333333	0.0	0.5	0.2	0.0	0.12783764719259066
f1	0.25	0.0	0.0	0.18181818181818182	0.0	0.3333333333333333	0.12500000000000003	0.0	0.0864291952108024
