	_	_+e_	_+er_	_+n_	_+ns_	_+s_	_-e_	weighted_average
precision	0.5625	0.0	0.0	0.0	0.0	0.0	0.0	0.037323013664015074
recall	0.6	0.0	0.0	0.0	0.0	0.0	0.0	0.03981121457494941
f1	0.5806451612903225	0.0	0.0	0.0	0.0	0.0	0.0	0.03852698184672523
