	addition	concatenation	deletion	weighted_average
precision	0.6	0.5625	0.0	0.19229600309354536
recall	0.5625	0.6	0.0	0.1924302181926027
f1	0.5806451612903225	0.5806451612903225	0.0	0.19216294091295635
