	addition	addition_umlaut	concatenation	deletion	weighted_average
precision	0.5625	0.0	0.5625	0.0	0.11153503276063899
recall	0.5625	0.0	0.6	0.0	0.11529307415430032
f1	0.5625	0.0	0.5806451612903225	0.0	0.11335343988660415
