	addition	addition_umlaut	concatenation	deletion	weighted_average
precision	0.4166666666666667	0.0	0.3333333333333333	0.0	0.0742673396886333
recall	0.625	0.0	0.2	0.0	0.08133667838365922
f1	0.5	0.0	0.25	0.0	0.0740886420517146
