	_	_+=_	_+=e_	_+=er_	_+e_	_+er_	_+n_	_+ns_	_+s_	_-e_	weighted_average
precision	0.9305993690851735	0.0	0.0	0.0	1.0	0.75	0.9722222222222222	1.0	0.9453125	0.7142857142857143	0.5409550737848597
recall	0.9021406727828746	0.0	0.0	0.0	0.5333333333333333	0.2727272727272727	0.9090909090909091	0.2222222222222222	0.968	0.4166666666666667	0.31153686983900597
f1	0.9161490683229814	0.0	0.0	0.0	0.6956521739130436	0.39999999999999997	0.9395973154362416	0.3636363636363636	0.9565217391304348	0.5263157894736842	0.3726957948496932
