	addition	addition_umlaut	concatenation	deletion	weighted_average
precision	0.985981308411215	0.0	0.9305993690851735	0.7142857142857143	0.5819594899136016
recall	0.890295358649789	0.0	0.9021406727828746	0.4166666666666667	0.4518746240726896
f1	0.9356984478935699	0.0	0.9161490683229814	0.5263157894736842	0.5021152438937453
