	_	_+=e_	_+=er_	_+e_	_+er_	_+n_	_+ns_	_+s_	weighted_average
precision	0.8333333333333334	0.0	0.0	1.0	0.0	1.0	1.0	1.0	0.5215222582124951
recall	1.0	0.0	0.0	1.0	0.0	1.0	1.0	1.0	0.531589258778079
f1	0.9090909090909091	0.0	0.0	1.0	0.0	1.0	1.0	1.0	0.5260981675604878
