	addition	addition_umlaut	concatenation	weighted_average
precision	1.0	0.0	0.8333333333333334	0.46787572267766425
recall	0.9	0.0	1.0	0.4950931205093385
f1	0.9473684210526316	0.0	0.9090909090909091	0.4786597612446009
