	_	_+=e_	_+=er_	_+e_	_+er_	_+n_	_+ns_	_+s_	_-e_	weighted_average
accuracy	0.7941176470588235	0.0	0.3333333333333333	0.3333333333333333	0.0	0.7857142857142857	1.0	0.9615384615384616	0.6666666666666666	
