	_	_+=e_	_+=er_	_+e_	_+er_	_+n_	_+ns_	_+s_	_-e_	weighted_average
precision	1.0	0.0	1.0	1.0	0.0	1.0	1.0	1.0	1.0	0.7245159026721121
recall	0.7941176470588235	0.0	0.3333333333333333	0.3333333333333333	0.0	0.7857142857142857	1.0	0.9615384615384616	0.6666666666666666	0.46832273627612087
f1	0.8852459016393442	0.0	0.5	0.5	0.0	0.88	1.0	0.9803921568627451	0.8	0.5444527247790795
