	_	_+=_	_+=e_	_+=er_	_+e_	_+er_	_+n_	_+ns_	_+s_	_-e_	weighted_average
precision	0.9428571428571428	0.0	0.5	1.0	1.0	0.0	1.0	0.0	0.8928571428571429	0.0	0.44748125861861865
recall	0.9705882352941176	0.0	0.3333333333333333	0.6666666666666666	0.3333333333333333	0.0	0.7857142857142857	0.0	0.9615384615384616	0.0	0.2975535732125653
f1	0.9565217391304348	0.0	0.4	0.8	0.5	0.0	0.88	0.0	0.9259259259259259	0.0	0.34541685355082075
