	_	_+=e_	_+=er_	_+e_	_+er_	_+n_	_+ns_	_+s_	_-e_	weighted_average
precision	0.890625	0.0	1.0	1.0	0.0	0.9166666666666666	1.0	1.0	0.6666666666666666	0.6677932289207418
recall	0.8382352941176471	0.0	0.3333333333333333	0.3333333333333333	0.0	0.7857142857142857	1.0	0.9615384615384616	0.6666666666666666	0.47031236736661186
f1	0.8636363636363636	0.0	0.5	0.5	0.0	0.8461538461538461	1.0	0.9803921568627451	0.6666666666666666	0.5227259923928715
