	addition	addition_umlaut	concatenation	deletion	weighted_average
precision	0.9523809523809523	1.0	0.890625	0.6666666666666666	0.838768828353569
recall	0.8163265306122449	0.16666666666666666	0.8382352941176471	0.6666666666666666	0.5635007850986111
f1	0.8791208791208791	0.2857142857142857	0.8636363636363636	0.6666666666666666	0.6116924312682167
