	addition	addition_umlaut	concatenation	deletion	weighted_average
precision	1.0	0.75	0.9428571428571428	0.0	0.5001185582494984
recall	0.8163265306122449	0.5	0.9705882352941176	0.0	0.40233528750329695
f1	0.898876404494382	0.6	0.9565217391304348	0.0	0.4423859009892343
