	addition	addition_umlaut	concatenation	deletion	weighted_average
precision	1.0	0.75	0.9428571428571428	0.0	0.48804436519387845
recall	0.8163265306122449	0.3333333333333333	0.9705882352941176	0.0	0.35367990340498506
f1	0.898876404494382	0.46153846153846156	0.9565217391304348	0.0	0.39826914765706833
