	_	_+=e_	_+=er_	_+e_	_+er_	_+n_	_+ns_	_+s_	weighted_average
precision	1.0	1.0	1.0	1.0	0.0	1.0	1.0	1.0	0.8438630862593597
recall	0.8	1.0	1.0	1.0	0.0	1.0	1.0	1.0	0.8317826855806589
f1	0.888888888888889	1.0	1.0	1.0	0.0	1.0	1.0	1.0	0.8371517525489703
