	addition	addition_umlaut	concatenation	weighted_average
precision	1.0	1.0	0.8	0.9407960239204475
recall	0.9	1.0	0.8	0.9186767750191612
f1	0.9473684210526316	1.0	0.8000000000000002	0.9291543139724021
