	_	_+=er_	_+e_	_+er_	_+n_	_+ns_	_+s_	_-e_	weighted_average
precision	0.391304347826087	0.16666666666666666	0.0	0.0	0.0	0.0	0.0	0.0	
recall	0.45	1.0	0.0	0.0	0.0	0.0	0.0	0.0	
f1	0.4186046511627907	0.2857142857142857	0.0	0.0	0.0	0.0	0.0	0.0	
