	addition	addition_umlaut	concatenation	deletion	weighted_average
precision	0.0	0.0	0.425531914893617	0.0	0.05154855922975196
recall	0.0	0.0	1.0	0.0	0.1211391141899171
f1	0.0	0.0	0.5970149253731344	0.0	0.07232185921786097
