	addition	addition_umlaut	concatenation	deletion	weighted_average
precision	0.5	0.16666666666666666	0.391304347826087	0.0	0.1948947223748317
recall	0.4090909090909091	1.0	0.45	0.0	0.6347131323081948
f1	0.45	0.2857142857142857	0.4186046511627907	0.0	0.2556636637287531
