	_	_+=e_	_+=er_	_+e_	_+er_	_+n_	_+ns_	_+s_	weighted_average
precision	0.25	0.0	0.0	0.0	0.0	0.0	0.0	0.5	0.04530150254512813
recall	0.2	0.0	0.0	0.0	0.0	0.0	0.0	0.4	0.0362412020361025
f1	0.22222222222222224	0.0	0.0	0.0	0.0	0.0	0.0	0.4444444444444445	0.040268002262336115
