	_	_+=e_	_+=er_	_+e_	_+er_	_+n_	_+ns_	_+s_	weighted_average
precision	0.3333333333333333	0.0	0.0	0.0	0.125	0.0	0.0	0.0	0.039651115348748094
recall	0.6	0.0	0.0	0.0	1.0	0.0	0.0	0.0	0.19237811577674283
f1	0.42857142857142855	0.0	0.0	0.0	0.2222222222222222	0.0	0.0	0.0	0.06058366482529487
