	addition	addition_umlaut	concatenation	weighted_average
precision	0.625	0.0	0.3333333333333333	0.23691859909895968
recall	0.5	0.0	0.6	0.2882081727450886
f1	0.5555555555555556	0.0	0.42857142857142855	0.24975037914586926
