	addition	addition_umlaut	concatenation	weighted_average
precision	0.6153846153846154	0.0	0.25	0.21012342487658656
recall	0.8	0.0	0.2	0.23615796728984217
f1	0.6956521739130435	0.0	0.22222222222222224	0.21965523147898172
