	_	_+=e_	_+=er_	_+e_	_+er_	_+n_	_+ns_	_+s_	_-e_	weighted_average
precision	1.0	1.0	1.0	1.0	1.0	1.0	1.0	1.0	1.0	1.0
recall	0.8333333333333334	0.7142857142857143	0.25	0.4666666666666667	0.18181818181818182	0.7931034482758621	0.2222222222222222	0.8235294117647058	0.5454545454545454	0.4997185964124629
f1	0.9090909090909091	0.8333333333333333	0.4	0.6363636363636364	0.3076923076923077	0.8846153846153846	0.3636363636363636	0.9032258064516129	0.7058823529411764	0.6285258145474726
