	_	_+=e_	_+=er_	_+e_	_+er_	_+n_	_+ns_	_+s_	_-e_	weighted_average
accuracy	0.8333333333333334	0.7142857142857143	0.25	0.4666666666666667	0.18181818181818182	0.7931034482758621	0.2222222222222222	0.8235294117647058	0.5454545454545454	
