precision	1.0
recall	0.4997185964124629
f1	0.6285258145474726
accuracy	0.6971153846153846
