	addition	addition_umlaut	concatenation	deletion	weighted_average
precision	0.9859154929577465	1.0	0.6796116504854369	0.0	0.589706350717622
recall	0.7142857142857143	0.3181818181818182	0.8333333333333334	0.0	0.3818472200093994
f1	0.8284023668639053	0.4827586206896552	0.7486631016042781	0.0	0.4318992415699701
