	addition	addition_umlaut	concatenation	deletion	weighted_average
precision	0.9859154929577465	1.0	0.7216494845360825	1.0	0.9454981304772372
recall	0.7142857142857143	0.4666666666666667	0.8333333333333334	0.6363636363636364	0.6364369462788505
f1	0.8284023668639053	0.6363636363636364	0.7734806629834253	0.7777777777777778	0.7438135863232723
