	addition	addition_umlaut	concatenation	deletion	weighted_average
precision	0.9859154929577465	1.0	0.6862745098039216	1.0	0.9367033534880249
recall	0.7142857142857143	0.3181818181818182	0.8333333333333334	0.6363636363636364	0.6018436262176857
f1	0.8284023668639053	0.4827586206896552	0.7526881720430109	0.7777777777777778	0.701562046185409
