	_	_+=e_	_+=er_	_+e_	_+er_	_+n_	_+ns_	_+s_	_-e_	weighted_average
precision	1.0	0.0	0.0	0.0	0.0	0.0	0.0	0.0	0.0	0.03785526423501449
recall	0.0821917808219178	0.0	0.0	0.0	0.0	0.0	0.0	0.0	0.0	0.0031113915809600945
f1	0.1518987341772152	0.0	0.0	0.0	0.0	0.0	0.0	0.0	0.0	0.005750166719242707
