	_	_+=_	_+=e_	_+=er_	_+e_	_+er_	_+n_	_+ns_	_+s_	_-e_	weighted_average
precision	0.6666666666666666	0.0	0.0	0.16666666666666666	0.0	0.008928571428571428	0.0	0.0	0.0	0.0	0.04453914055888532
recall	0.4200913242009132	0.0	0.0	0.3333333333333333	0.0	0.6666666666666666	0.0	0.0	0.0	0.0	0.1422364166358008
f1	0.5154061624649859	0.0	0.0	0.2222222222222222	0.0	0.01762114537444934	0.0	0.0	0.0	0.0	0.04779608192464265
