	_	_+=e_	_+=er_	_+e_	_+er_	_+n_	_+ns_	_+s_	_-e_	weighted_average
precision	0.6715328467153284	0.0	0.16666666666666666	0.0	0.009009009009009009	0.0	0.0	0.0	0.0	0.05129504365774649
recall	0.4200913242009132	0.0	0.3333333333333333	0.0	0.6666666666666666	0.0	0.0	0.0	0.0	0.16318538211204903
f1	0.5168539325842697	0.0	0.2222222222222222	0.0	0.017777777777777778	0.0	0.0	0.0	0.0	0.054913493556464604
