	addition	addition_umlaut	concatenation	deletion	weighted_average
precision	0.4247787610619469	0.16666666666666666	0.6666666666666666	0.0	0.195287669851764
recall	0.6857142857142857	0.1111111111111111	0.4200913242009132	0.0	0.1834270826908845
f1	0.5245901639344261	0.13333333333333333	0.5154061624649859	0.0	0.1797989692576207
