	addition	addition_umlaut	concatenation	deletion	weighted_average
precision	0.3185483870967742	0.10526315789473684	0.49523809523809526	0.0	0.13990926935590658
recall	0.5642857142857143	0.2222222222222222	0.2374429223744292	0.0	0.17639642658260837
f1	0.40721649484536077	0.14285714285714285	0.32098765432098764	0.0	0.14125177336299086
