	addition	addition_umlaut	concatenation	deletion	weighted_average
precision	0.42857142857142855	0.16666666666666666	0.6715328467153284	0.0	0.1948872347596293
recall	0.6857142857142857	0.16666666666666666	0.4200913242009132	0.0	0.19839599084082732
f1	0.5274725274725274	0.16666666666666666	0.5168539325842697	0.0	0.18917828814933718
