	_	_+=e_	_+=er_	_+e_	_+er_	_+n_	_+ns_	_+s_	_-e_	weighted_average
precision	1.0	0.0	0.0	1.0	1.0	1.0	0.0	1.0	1.0	0.5867738540081682
recall	0.8529411764705882	0.0	0.0	0.3333333333333333	0.6666666666666666	0.42857142857142855	0.0	0.19230769230769232	1.0	0.3553116216439389
f1	0.9206349206349206	0.0	0.0	0.5	0.8	0.6	0.0	0.32258064516129037	1.0	0.41932257242090276
