	_	_+=e_	_+=er_	_+e_	_+er_	_+n_	_+ns_	_+s_	_-e_	weighted_average
accuracy	0.8529411764705882	0.0	0.0	0.3333333333333333	0.6666666666666666	0.42857142857142855	0.0	0.19230769230769232	1.0	
