	_	_+=_	_+=e_	_+=er_	_+e_	_+er_	_+n_	_+ns_	_+s_	_-e_	weighted_average
precision	1.0	0.0	0.0	0.0	1.0	1.0	0.8571428571428571	0.0	1.0	1.0	0.5068817309034119
recall	0.8676470588235294	0.0	0.0	0.0	0.3333333333333333	0.6666666666666666	0.42857142857142855	0.0	0.19230769230769232	1.0	0.3128783298687598
f1	0.9291338582677166	0.0	0.0	0.0	0.5	0.8	0.5714285714285714	0.0	0.32258064516129037	1.0	0.36712295337821266
