	addition	addition_umlaut	concatenation	deletion	weighted_average
precision	0.9333333333333333	0.0	1.0	1.0	0.6925733290767694
recall	0.2857142857142857	0.0	0.8676470588235294	1.0	0.5786188372743359
f1	0.43749999999999994	0.0	0.9291338582677166	1.0	0.6094932943297681
