	addition	addition_umlaut	concatenation	deletion	weighted_average
precision	0.9333333333333333	0.0	1.0	1.0	0.726038255570973
recall	0.2857142857142857	0.0	0.8676470588235294	1.0	0.6065775183909761
f1	0.43749999999999994	0.0	0.9291338582677166	1.0	0.6389438195480079
