	_	_+=e_	_+=er_	_+e_	_+er_	_+n_	_+ns_	_+s_	_-e_	weighted_average
precision	1.0	0.0	0.0	0.0	0.0	1.0	0.0	1.0	0.0	0.13672400515640556
recall	0.4018264840182648	0.0	0.0	0.0	0.0	0.717391304347826	0.0	0.9411764705882353	0.0	0.09639662813565635
f1	0.5732899022801303	0.0	0.0	0.0	0.0	0.8354430379746834	0.0	0.9696969696969697	0.0	0.11045513830553501
