	_	_+=e_	_+=er_	_+e_	_+er_	_+n_	_+ns_	_+s_	_-e_	weighted_average
accuracy	0.4018264840182648	0.0	0.0	0.0	0.0	0.717391304347826	0.0	0.9411764705882353	0.0	
