	_	_+=e_	_+=er_	_+e_	_+er_	_+n_	_+ns_	_+s_	_-e_	weighted_average
precision	0.9459459459459459	0.0	0.0	0.0	0.0	0.75	0.0	0.8791208791208791	0.0	0.11587919821159072
recall	0.4794520547945205	0.0	0.0	0.0	0.0	0.8478260869565217	0.0	0.9411764705882353	0.0	0.10625225221157787
f1	0.6363636363636364	0.0	0.0	0.0	0.0	0.7959183673469389	0.0	0.9090909090909091	0.0	0.1079687335643889
