	_	_+=_	_+=e_	_+=er_	_+e_	_+er_	_+n_	_+ns_	_+s_	_-e_	weighted_average
precision	0.9459459459459459	0.0	0.0	0.0	0.0	0.0	0.75	0.0	0.8791208791208791	0.0	0.10100317628284287
recall	0.4794520547945205	0.0	0.0	0.0	0.0	0.0	0.8478260869565217	0.0	0.9411764705882353	0.0	0.09261209195613541
f1	0.6363636363636364	0.0	0.0	0.0	0.0	0.0	0.7959183673469389	0.0	0.9090909090909091	0.0	0.09410821957299739
