	addition	addition_umlaut	concatenation	deletion	weighted_average
precision	0.8811188811188811	0.0	0.9459459459459459	0.0	0.2321065775294053
recall	0.9	0.0	0.4794520547945205	0.0	0.17781219199640055
f1	0.8904593639575972	0.0	0.6363636363636364	0.0	0.19565155823394134
