	addition	addition_umlaut	concatenation	deletion	weighted_average
precision	0.8811188811188811	0.0	0.9459459459459459	0.0	0.2449099352860403
recall	0.9	0.0	0.4794520547945205	0.0	0.18762058748374072
f1	0.8904593639575972	0.0	0.6363636363636364	0.0	0.20644400075054734
