	_	_+=e_	_+=er_	_+e_	_+er_	_+n_	_+ns_	_+s_	_-e_	weighted_average
precision	1.0	0.0	0.0	0.0	0.0	0.0	0.0	0.0	0.0	0.05511179356123206
recall	0.07339449541284404	0.0	0.0	0.0	0.0	0.0	0.0	0.0	0.0	0.004044902279723454
f1	0.13675213675213677	0.0	0.0	0.0	0.0	0.0	0.0	0.0	0.0	0.007536655529741137
