	_	_+=_	_+=e_	_+=er_	_+e_	_+er_	_+n_	_+ns_	_+s_	_-e_	weighted_average
precision	0.47398843930635837	0.0	0.0	0.07142857142857142	0.0	0.022988505747126436	0.06666666666666667	0.02666666666666667	0.1732283464566929	0.0	0.051557336122115834
recall	0.25076452599388377	0.0	0.0	0.25	0.0	0.36363636363636365	0.012987012987012988	0.2222222222222222	0.176	0.0	0.12158166152533881
f1	0.32799999999999996	0.0	0.0	0.11111111111111112	0.0	0.04324324324324325	0.021739130434782608	0.047619047619047616	0.17460317460317462	0.0	0.05158007113982975
