	_	_+=_	_+=e_	_+=er_	_+e_	_+er_	_+n_	_+ns_	_+s_	_-e_	weighted_average
precision	0.6211453744493393	0.0	0.0	0.2222222222222222	0.0	0.011299435028248588	0.0	0.0	0.0	0.0	0.05892657226837981
recall	0.43119266055045874	0.0	0.0	0.25	0.0	0.36363636363636365	0.0	0.0	0.0	0.0	0.09259371897976022
f1	0.5090252707581229	0.0	0.0	0.23529411764705882	0.0	0.021917808219178082	0.0	0.0	0.0	0.0	0.05639912486114755
