	_	_+=e_	_+=er_	_+e_	_+er_	_+n_	_+ns_	_+s_	_-e_	weighted_average
precision	0.6266666666666667	0.0	0.2222222222222222	0.0	0.011461318051575931	0.0	0.0	0.0	0.0	0.0682988462747227
recall	0.43119266055045874	0.0	0.25	0.0	0.36363636363636365	0.0	0.0	0.0	0.0	0.10680993144711598
f1	0.5108695652173914	0.0	0.23529411764705882	0.0	0.022222222222222223	0.0	0.0	0.0	0.0	0.06519901829714929
