	addition	addition_umlaut	concatenation	deletion	weighted_average
precision	0.4460227272727273	0.2222222222222222	0.6266666666666667	0.0	0.2439917308041647
recall	0.6624472573839663	0.13333333333333333	0.43119266055045874	0.0	0.22025224998802423
f1	0.533106960950764	0.16666666666666669	0.5108695652173914	0.0	0.22218807635062507
