	addition	addition_umlaut	concatenation	deletion	weighted_average
precision	0.34595959595959597	0.14285714285714285	0.47398843930635837	0.0	0.17911047970084554
recall	0.5780590717299579	0.18181818181818182	0.25076452599388377	0.0	0.19443357716199672
f1	0.43285939968404424	0.16	0.32799999999999996	0.0	0.17548941686874428
