	addition	addition_umlaut	concatenation	deletion	weighted_average
precision	0.43977591036414565	0.2222222222222222	0.6211453744493393	0.0	0.24287735853510134
recall	0.6624472573839663	0.09090909090909091	0.43119266055045874	0.0	0.21094735516030744
f1	0.5286195286195287	0.1290322580645161	0.5090252707581229	0.0	0.21201727784891705
