	_	_+=_	_+=e_	_+=er_	_+e_	_+er_	_+n_	_+ns_	_+s_	_-e_	weighted_average
precision	0.8695652173913043	0.0	0.0	0.0	1.0	0.5	1.0	1.0	0.9444444444444444	1.0	0.5768916665948668
recall	0.9302325581395349	0.0	0.0	0.0	0.3333333333333333	0.3333333333333333	1.0	0.6666666666666666	1.0	0.3333333333333333	0.3656632370616827
f1	0.898876404494382	0.0	0.0	0.0	0.5	0.4	1.0	0.8	0.9714285714285714	0.5	0.4258125491344107
