	addition	addition_umlaut	concatenation	deletion	weighted_average
precision	0.96875	0.0	0.8695652173913043	1.0	0.7189546507026519
recall	0.8857142857142857	0.0	0.9302325581395349	0.3333333333333333	0.43169677592414957
f1	0.9253731343283582	0.0	0.898876404494382	0.5	0.504097473551218
