	_	_+=er_	_+e_	_+er_	_+n_	_+s_	_-e_	weighted_average
precision	0.9411764705882353	0.0	1.0	1.0	1.0	1.0	1.0	0.7320733108255681
recall	0.8	0.0	0.5	1.0	1.0	0.75	0.75	0.6097106773917212
f1	0.8648648648648648	0.0	0.6666666666666666	1.0	1.0	0.8571428571428571	0.8571428571428571	0.6569921520735017
