	addition	addition_umlaut	concatenation	deletion	weighted_average
precision	1.0	0.0	0.9411764705882353	1.0	0.46079272791717574
recall	0.8636363636363636	0.0	0.8	0.75	0.37036228796733073
f1	0.9268292682926829	0.0	0.8648648648648648	0.8571428571428571	0.41020531211609695
