	_	_+=e_	_+=er_	_+e_	_+er_	_+n_	_+ns_	_+s_	_-e_	weighted_average
precision	1.0	0.0	0.0	0.0	0.0	0.0	0.0	0.0	0.0	0.05511179356123206
recall	0.0061162079510703364	0.0	0.0	0.0	0.0	0.0	0.0	0.0	0.0	0.0003370751899769545
f1	0.0121580547112462	0.0	0.0	0.0	0.0	0.0	0.0	0.0	0.0	0.0006700522013523654
