	_	_+=_	_+=e_	_+=er_	_+e_	_+er_	_+n_	_+ns_	_+s_	_-e_	weighted_average
precision	1.0	0.0	0.0625	0.0	0.034482758620689655	0.05	0.1085972850678733	0.0	0.0	0.0	0.07200526109691902
recall	0.0030581039755351682	0.0	0.14285714285714285	0.0	0.6666666666666666	0.2727272727272727	0.3116883116883117	0.0	0.0	0.0	0.1358864525723954
f1	0.006097560975609756	0.0	0.08695652173913043	0.0	0.06557377049180328	0.08450704225352113	0.1610738255033557	0.0	0.0	0.0	0.038055910979206665
