	_	_+=e_	_+=er_	_+e_	_+er_	_+n_	_+ns_	_+s_	_-e_	weighted_average
precision	0.5481171548117155	0.0	0.0	0.05555555555555555	0.0	0.0	0.0	0.12307692307692308	0.0	0.044729764152472956
recall	0.8012232415902141	0.0	0.0	0.13333333333333333	0.0	0.0	0.0	0.064	0.0	0.06373508255687964
f1	0.6509316770186335	0.0	0.0	0.0784313725490196	0.0	0.0	0.0	0.08421052631578949	0.0	0.050464470572014156
