	_	_+=_	_+=e_	_+=er_	_+e_	_+er_	_+n_	_+ns_	_+s_	_-e_	weighted_average
precision	0.5424430641821946	0.0	0.0	0.0	0.05555555555555555	0.0	0.0	0.0	0.11940298507462686	0.0	0.03829497206019516
recall	0.8012232415902141	0.0	0.0	0.0	0.13333333333333333	0.0	0.0	0.0	0.064	0.0	0.05525205609129598
f1	0.6469135802469136	0.0	0.0	0.0	0.0784313725490196	0.0	0.0	0.0	0.08333333333333333	0.0	0.04350556851938431
