	_	_+=_	_+=e_	_+=er_	_+e_	_+er_	_+n_	_+ns_	_+s_	_-e_	weighted_average
precision	0.5468227424749164	0.0	0.0	0.0	0.0	0.0	0.0	0.0	0.0	0.0	0.02612528308210682
recall	1.0	0.0	0.0	0.0	0.0	0.0	0.0	0.0	0.0	0.0	0.04777651156911278
f1	0.707027027027027	0.0	0.0	0.0	0.0	0.0	0.0	0.0	0.0	0.0	0.03377928493643217
