	addition	addition_umlaut	concatenation	deletion	weighted_average
precision	0.3652173913043478	0.0	0.5424430641821946	0.0	0.15070748818178184
recall	0.17721518987341772	0.0	0.8012232415902141	0.0	0.1604011793038243
f1	0.23863636363636365	0.0	0.6469135802469136	0.0	0.14591735708420422
