	addition	addition_umlaut	concatenation	deletion	weighted_average
precision	0.39092495636998253	0.16666666666666666	1.0	0.0	0.2792940719673472
recall	0.9451476793248945	0.13636363636363635	0.0030581039755351682	0.0	0.20366648640232676
f1	0.5530864197530864	0.15	0.006097560975609756	0.0	0.14092096070476703
