	addition	addition_umlaut	concatenation	deletion	weighted_average
precision	0.37168141592920356	0.0	0.5481171548117155	0.0	0.1469725008998474
recall	0.17721518987341772	0.0	0.8012232415902141	0.0	0.1543464972934059
f1	0.24000000000000002	0.0	0.6509316770186335	0.0	0.1412619120308502
