	_	_+=e_	_+=er_	_+e_	_+er_	_+n_	_+ns_	_+s_	_-e_	weighted_average
accuracy	0.6238532110091743	0.5714285714285714	0.25	0.26666666666666666	0.18181818181818182	0.6363636363636364	0.4444444444444444	0.816	0.0	
