	_	_+=e_	_+=er_	_+e_	_+er_	_+n_	_+ns_	_+s_	_-e_	weighted_average
precision	1.0	1.0	1.0	1.0	1.0	1.0	1.0	1.0	0.0	0.8755283923427472
recall	0.6238532110091743	0.5714285714285714	0.25	0.26666666666666666	0.18181818181818182	0.6363636363636364	0.4444444444444444	0.816	0.0	0.37463254927090794
f1	0.768361581920904	0.7272727272727273	0.4	0.4210526315789474	0.3076923076923077	0.7777777777777778	0.6153846153846153	0.8986784140969163	0.0	0.5017918371929488
