{
    "weighted_accuracy": 0.37463254927090794,
    "absolute_accuracy": 0.6277495769881557
}