	addition	addition_umlaut	concatenation	deletion	weighted_average
precision	0.8756218905472637	1.0	0.77088948787062	0.0	0.5751119464499298
recall	0.7426160337552743	0.2727272727272727	0.8746177370030581	0.0	0.35113462776965376
f1	0.8036529680365296	0.42857142857142855	0.819484240687679	0.0	0.3993790348955324
