	addition	addition_umlaut	concatenation	deletion	weighted_average
precision	0.8756218905472637	1.0	0.7857142857142857	0.0	0.5934642590354084
recall	0.7426160337552743	0.4	0.8746177370030581	0.0	0.3896829557379353
f1	0.8036529680365296	0.5714285714285715	0.8277858176555716	0.0	0.4483673521737617
