	_	_+=e_	_+=er_	_+e_	_+er_	_+n_	_+ns_	_+s_	_-e_	weighted_average
accuracy	0.8623853211009175	0.42857142857142855	1.0	0.5333333333333333	0.36363636363636365	0.8701298701298701	0.8888888888888888	0.92	0.5	
