	_	_+=e_	_+=er_	_+e_	_+er_	_+n_	_+ns_	_+s_	_-e_	weighted_average
precision	1.0	1.0	1.0	1.0	1.0	1.0	1.0	1.0	1.0	0.9999999999999999
recall	0.8623853211009175	0.42857142857142855	1.0	0.5333333333333333	0.36363636363636365	0.8701298701298701	0.8888888888888888	0.92	0.5	0.6767452780669649
f1	0.9261083743842364	0.6	1.0	0.6956521739130436	0.5333333333333333	0.9305555555555556	0.9411764705882353	0.9583333333333334	0.6666666666666666	0.7820247531282456
