	_	_+=e_	_+=er_	_+e_	_+er_	_+n_	_+ns_	_+s_	_-e_	weighted_average
precision	0.9435215946843853	1.0	1.0	1.0	0.8	0.971830985915493	1.0	0.9913793103448276	0.8571428571428571	0.9507761715352624
recall	0.8685015290519877	0.42857142857142855	1.0	0.5333333333333333	0.36363636363636365	0.8961038961038961	0.8888888888888888	0.92	0.5	0.6789857522209216
f1	0.9044585987261147	0.6	1.0	0.6956521739130436	0.5000000000000001	0.9324324324324325	0.9411764705882353	0.9543568464730291	0.631578947368421	0.7720565037540256
