	_	_+=_	_+=e_	_+=er_	_+e_	_+er_	_+n_	_+ns_	_+s_	_-e_	weighted_average
precision	0.9461279461279462	0.0	0.6666666666666666	1.0	1.0	1.0	0.9701492537313433	1.0	0.9469026548672567	0.0	0.7071222374788114
recall	0.8593272171253823	0.0	0.2857142857142857	1.0	0.5333333333333333	0.2727272727272727	0.8441558441558441	0.2222222222222222	0.856	0.0	0.41798796190602333
f1	0.9006410256410257	0.0	0.4	1.0	0.6956521739130436	0.42857142857142855	0.9027777777777779	0.3636363636363636	0.8991596638655461	0.0	0.49192623161921173
