	addition	addition_umlaut	concatenation	deletion	weighted_average
precision	0.9896373056994818	0.9090909090909091	0.9525423728813559	1.0	0.9612314195001195
recall	0.8059071729957806	0.6666666666666666	0.8593272171253823	0.5	0.6609913174507509
f1	0.8883720930232558	0.7692307692307692	0.9035369774919614	0.6666666666666666	0.7737240983923698
