	addition	addition_umlaut	concatenation	deletion	weighted_average
precision	0.9896373056994818	0.9090909090909091	0.9493243243243243	1.0	0.962754767841679
recall	0.8059071729957806	0.45454545454545453	0.8593272171253823	0.5	0.5971959982543481
f1	0.8883720930232558	0.6060606060606061	0.9020866773675762	0.6666666666666666	0.7247630360469615
