	addition	addition_umlaut	concatenation	deletion	weighted_average
precision	0.9896373056994818	0.9090909090909091	0.9461279461279462	0.0	0.5958715220788023
recall	0.8059071729957806	0.45454545454545453	0.8593272171253823	0.0	0.4140136237759451
f1	0.8883720930232558	0.6060606060606061	0.9006410256410257	0.0	0.48028536534669997
