	addition	addition_umlaut	concatenation	deletion	weighted_average
precision	0.9855769230769231	1.0	0.9435215946843853	0.8571428571428571	0.9384387609192446
recall	0.8649789029535865	0.7333333333333333	0.8685015290519877	0.5	0.6939266064178932
f1	0.9213483146067415	0.846153846153846	0.9044585987261147	0.631578947368421	0.7920345049233437
