	_	_+=e_	_+=er_	_+e_	_+er_	_+n_	_+ns_	_+s_	weighted_average
precision	0.625	1.0	1.0	1.0	0.0	0.0	1.0	1.0	0.6650754212461554
recall	1.0	1.0	1.0	1.0	0.0	0.0	1.0	0.8	0.6756457718400185
f1	0.7692307692307693	1.0	1.0	1.0	0.0	0.0	1.0	0.888888888888889	0.6670759149482907
