	addition	addition_umlaut	concatenation	weighted_average
precision	1.0	1.0	0.625	0.888992544850839
recall	0.7	1.0	1.0	0.9336422532961414
f1	0.8235294117647058	1.0	0.7692307692307693	0.89265375125888
