	_	_+=er_	_+e_	_+er_	_+n_	_+s_	_-e_	weighted_average
precision	0.0	0.0	0.0	0.05	0.0	0.17647058823529413	0.0	0.03331308937554152
recall	0.0	0.0	0.0	1.0	0.0	0.75	0.0	0.3497845540878684
f1	0.0	0.0	0.0	0.09523809523809523	0.0	0.2857142857142857	0.0	0.05771241997295052
