	_	_+=er_	_+e_	_+er_	_+n_	_+ns_	_+s_	_-e_	weighted_average
precision	0.375	0.3333333333333333	0.0	0.0	0.0	0.0	0.3333333333333333	0.0	
recall	0.3	1.0	0.0	0.0	0.0	0.0	0.25	0.0	
f1	0.33333333333333326	0.5	0.0	0.0	0.0	0.0	0.28571428571428575	0.0	
