	addition	addition_umlaut	concatenation	deletion	weighted_average
precision	0.46808510638297873	0.0	0.0	0.0	0.0550582485054487
recall	1.0	0.0	0.0	0.0	0.11762443998891313
f1	0.6376811594202899	0.0	0.0	0.0	0.07500688926829244
