	addition	addition_umlaut	concatenation	deletion	weighted_average
precision	0.4642857142857143	0.3333333333333333	0.375	0.0	0.27739899557104813
recall	0.5909090909090909	1.0	0.3	0.0	0.6379285269958734
f1	0.52	0.5	0.33333333333333326	0.0	0.36758513444238655
