	_	_+e_	_+er_	_+n_	_+ns_	_+s_	_-e_	weighted_average
precision	1.0	0.0	0.0	1.0	0.0	1.0	0.0	0.30172994032631956
recall	0.13333333333333333	0.0	0.0	1.0	0.0	0.8	0.0	0.2236900791166337
f1	0.23529411764705882	0.0	0.0	1.0	0.0	0.888888888888889	0.0	0.23958194954990214
