	_	_+e_	_+er_	_+n_	_+ns_	_+s_	_-e_	weighted_average
precision	0.6666666666666666	0.0	0.0	0.5	0.0	0.5714285714285714	0.0	0.1692574885535358
recall	0.26666666666666666	0.0	0.0	1.0	0.0	0.8	0.0	0.23253701568884466
f1	0.3809523809523809	0.0	0.0	0.6666666666666666	0.0	0.6666666666666666	0.0	0.1821955723247133
