	_	_+=_	_+e_	_+er_	_+n_	_+ns_	_+s_	_-e_	weighted_average
precision	0.6666666666666666	0.0	0.0	0.0	0.5	0.0	0.5714285714285714	0.0	0.13375723526075087
recall	0.26666666666666666	0.0	0.0	0.0	1.0	0.0	0.8	0.0	0.18376444422125365
f1	0.3809523809523809	0.0	0.0	0.0	0.6666666666666666	0.0	0.6666666666666666	0.0	0.14398167099824155
