	addition	addition_umlaut	concatenation	deletion	weighted_average
precision	0.6923076923076923	0.0	0.6666666666666666	0.0	0.13470428552170177
recall	0.5625	0.0	0.26666666666666666	0.0	0.08188826176619951
f1	0.6206896551724138	0.0	0.3809523809523809	0.0	0.09904800359468184
