	addition	concatenation	deletion	weighted_average
precision	0.6923076923076923	0.6666666666666666	0.0	0.2248285531854984
recall	0.5625	0.26666666666666666	0.0	0.1366758254532585
f1	0.6206896551724138	0.3809523809523809	0.0	0.16531633910427226
