	_	_+e_	_+er_	_+n_	_+ns_	_+s_	_-e_	weighted_average
precision	1.0	0.0	0.0	1.0	0.0	1.0	0.0	0.30172994032631956
recall	0.2	0.0	0.0	1.0	0.0	0.6	0.0	0.20757877391242466
f1	0.33333333333333337	0.0	0.0	1.0	0.0	0.7499999999999999	0.0	0.23182679060237155
