	_	_+=_	_+e_	_+er_	_+n_	_+ns_	_+s_	_-e_	weighted_average
precision	0.7142857142857143	0.0	0.0	0.0	0.75	0.0	0.6	0.0	0.16479004713237866
recall	0.3333333333333333	0.0	0.0	0.0	1.0	0.0	0.6	0.0	0.17103234203201717
f1	0.4545454545454545	0.0	0.0	0.0	0.8571428571428571	0.0	0.6	0.0	0.16240662544342574
