	addition	addition_umlaut	concatenation	deletion	weighted_average
precision	0.8888888888888888	0.0	0.7142857142857143	0.0	0.1587551324061139
recall	0.5	0.0	0.3333333333333333	0.0	0.08243984514873981
f1	0.64	0.0	0.4545454545454545	0.0	0.10831685882648265
