	addition	concatenation	deletion	weighted_average
precision	0.8888888888888888	0.7142857142857143	0.0	0.26497068442479876
recall	0.5	0.3333333333333333	0.0	0.13759644719426253
f1	0.64	0.4545454545454545	0.0	0.18078654707412847
