	_	_+=e_	_+=er_	_+e_	_+er_	_+n_	_+ns_	_+s_	_-e_	weighted_average
precision	1.0	1.0	1.0	1.0	1.0	1.0	1.0	1.0	1.0	1.0
recall	0.9069767441860465	0.6666666666666666	0.6666666666666666	0.3333333333333333	0.3333333333333333	0.8888888888888888	0.6666666666666666	0.9411764705882353	0.6666666666666666	0.6246180640463285
f1	0.951219512195122	0.8	0.8	0.5	0.5	0.9411764705882353	0.8	0.9696969696969697	0.8	0.7492194309274203
