	_	_+=_	_+=e_	_+=er_	_+e_	_+er_	_+n_	_+ns_	_+s_	_-e_	weighted_average
precision	0.8478260869565217	0.0	1.0	1.0	0.5	1.0	1.0	1.0	0.9411764705882353	1.0	0.8125052080522196
recall	0.9069767441860465	0.0	0.6666666666666666	0.6666666666666666	0.3333333333333333	0.3333333333333333	0.8888888888888888	0.6666666666666666	0.9411764705882353	0.6666666666666666	0.5506814717184207
f1	0.8764044943820224	0.0	0.8	0.8	0.4	0.5	0.9411764705882353	0.8	0.9411764705882353	0.8	0.6438330997088624
