precision	1.0
recall	0.6246180640463285
f1	0.7492194309274203
accuracy	0.8390804597701149
