	addition	addition_umlaut	concatenation	deletion	weighted_average
precision	0.9666666666666667	1.0	0.8478260869565217	0.0	0.546272511676705
recall	0.8285714285714286	0.4444444444444444	0.9069767441860465	0.0	0.3907769429997343
f1	0.8923076923076922	0.6153846153846153	0.8764044943820224	0.0	0.4401869563485862
