	addition	addition_umlaut	concatenation	deletion	weighted_average
precision	0.9666666666666667	1.0	0.8478260869565217	1.0	0.972160083276264
recall	0.8285714285714286	0.6666666666666666	0.9069767441860465	0.6666666666666666	0.7277746315135184
f1	0.8923076923076922	0.8	0.8764044943820224	0.8	0.8258351926812032
