	_	_+=e_	_+=er_	_+e_	_+er_	_+n_	_+ns_	_+s_	_-e_	weighted_average
precision	1.0	1.0	1.0	1.0	1.0	1.0	1.0	1.0	1.0	0.9999999999999999
recall	0.8348623853211009	0.2857142857142857	0.5	0.5333333333333333	0.45454545454545453	0.8701298701298701	0.8888888888888888	0.96	0.5833333333333334	0.605336907312333
f1	0.9099999999999999	0.4444444444444445	0.6666666666666666	0.6956521739130436	0.625	0.9305555555555556	0.9411764705882353	0.9795918367346939	0.7368421052631579	0.7307353458566245
