	_	_+=e_	_+=er_	_+e_	_+er_	_+n_	_+ns_	_+s_	_-e_	weighted_average
accuracy	0.8348623853211009	0.2857142857142857	0.5	0.5333333333333333	0.45454545454545453	0.8701298701298701	0.8888888888888888	0.96	0.5833333333333334	
