	_	_+=e_	_+=er_	_+e_	_+er_	_+n_	_+ns_	_+s_	_-e_	weighted_average
precision	0.9646302250803859	0.8	1.0	1.0	1.0	0.9714285714285714	1.0	0.9435483870967742	1.0	0.9615237149186134
recall	0.9174311926605505	0.5714285714285714	0.875	0.4666666666666667	0.36363636363636365	0.8831168831168831	0.2222222222222222	0.936	0.5833333333333334	0.5958170815506859
f1	0.9404388714733544	0.6666666666666666	0.9333333333333333	0.6363636363636364	0.5333333333333333	0.9251700680272108	0.3636363636363636	0.9397590361445783	0.7368421052631579	0.7035717405630454
