	addition	addition_umlaut	concatenation	deletion	weighted_average
precision	0.9903381642512077	0.9166666666666666	0.9646302250803859	1.0	0.965704743979646
recall	0.8649789029535865	0.7333333333333333	0.9174311926605505	0.5833333333333334	0.7309420352915432
f1	0.9234234234234234	0.8148148148148148	0.9404388714733544	0.7368421052631579	0.8248818587983321
