	addition	addition_umlaut	concatenation	deletion	weighted_average
precision	0.9813953488372092	1.0	0.9461279461279462	0.8	0.918009738836938
recall	0.890295358649789	0.4	0.8593272171253823	0.6666666666666666	0.6467224098731349
f1	0.9336283185840707	0.5714285714285715	0.9006410256410257	0.7272727272727272	0.7376059309310502
