	addition	addition_umlaut	concatenation	deletion	weighted_average
precision	0.9903381642512077	0.9166666666666666	0.9615384615384616	1.0	0.9671268757038758
recall	0.8649789029535865	0.5	0.9174311926605505	0.5833333333333334	0.6609182736362539
f1	0.9234234234234234	0.6470588235294118	0.9389671361502349	0.7368421052631579	0.7747615924189435
