	addition	addition_umlaut	concatenation	deletion	weighted_average
precision	0.9903381642512077	0.9166666666666666	0.9584664536741214	0.0	0.6002638045311038
recall	0.8649789029535865	0.5	0.9174311926605505	0.0	0.44720550341145043
f1	0.9234234234234234	0.6470588235294118	0.9375	0.0	0.5045706297033123
