	_	_+=_	_+=e_	_+=er_	_+e_	_+er_	_+n_	_+ns_	_+s_	_-e_	weighted_average
precision	0.6842105263157895	0.0	0.0	0.0	1.0	1.0	1.0	0.0	0.625	1.0	0.520806400958355
recall	1.0	0.0	0.0	0.0	0.6666666666666666	0.3333333333333333	0.6666666666666666	0.0	1.0	1.0	0.4264619156286434
f1	0.8125000000000001	0.0	0.0	0.0	0.8	0.5	0.8	0.0	0.7692307692307693	1.0	0.4432693389501204
