	addition	addition_umlaut	concatenation	deletion	weighted_average
precision	1.0	0.0	0.6842105263157895	1.0	0.7054282228804132
recall	0.7647058823529411	0.0	1.0	1.0	0.7257701166292296
f1	0.8666666666666666	0.0	0.8125000000000001	1.0	0.7067478896482263
