	_	_+=er_	_+e_	_+er_	_+n_	_+s_	_-e_	weighted_average
precision	0.7272727272727273	0.0	1.0	1.0	1.0	1.0	1.0	0.719197843082778
recall	0.4	0.0	0.75	1.0	0.8461538461538461	1.0	0.5	0.6034165522718647
f1	0.5161290322580645	0.0	0.8571428571428571	1.0	0.9166666666666666	1.0	0.6666666666666666	0.6464804283810487
