	addition	addition_umlaut	concatenation	deletion	weighted_average
precision	1.0	0.0	0.7272727272727273	1.0	0.43488061793002775
recall	0.8636363636363636	0.0	0.4	0.5	0.26461789129516106
f1	0.9268292682926829	0.0	0.5161290322580645	0.6666666666666666	0.32431119008024284
